image,emotion
Bashar_Assad_0003.jpg,neutral
Barbora_Strycova_0001.jpg,happiness
Angelina_Jolie_0015.jpg,happiness
Christine_Gregoire_0004.jpg,surprise
Gerhard_Schroeder_0103.jpg,surprise
Dwarakish_125.jpg,disgust
Charlotte_Casiraghi_0001.jpg,neutral
Jayamadhuri_197.jpg,disgust
Babe_Ruth_0001.jpg,neutral
Jennifer_Capriati_0026.jpg,anger
Carla_Myers_0001.jpg,happiness
Andy_Roddick_0014.jpg,neutral
Andrew_Gilligan_0001.jpg,neutral
Bill_McBride_0001.jpg,happiness
Adrian_Murrell_0001.jpg,neutral
Dwarakish_19.jpg,disgust
Chris_Kolanas_0001.jpg,happiness
Amanda_Bynes_0001.jpg,happiness
Arif_Mardin_0001.jpg,happiness
Brook_Robinson_0001.jpg,happiness
Britney_Spears_0003.jpg,happiness
Jayamadhuri_27.jpg,disgust
Brad_Wilk_0001.jpg,happiness
Janela_Jara_0001.jpg,sadness
Alvaro_Uribe_0017.jpg,neutral
John_Edwards_0007.jpg,sadness
Celine_Dion_0002.jpg,happiness
Bruce_Springsteen_0003.jpg,surprise
Rollie_Massimino_0001.jpg,sadness
Amanda_Bynes_0004.jpg,neutral
Ariel_Sharon_0010.jpg,happiness
Andy_Roddick_0008.jpg,neutral
Andre_Agassi_0002.jpg,happiness
Chandrika_Kumaratunga_0001.jpg,neutral
Gerhard_Schroeder_0088.jpg,anger
Amelie_Mauresmo_0006.jpg,neutral
Clare_Short_0002.jpg,happiness
Ai_Sugiyama_0004.jpg,happiness
Avinash_13.jpg,sadness
Ben_Davis_0001.jpg,happiness
Patty_Schnyder_0003.jpg,sadness
Bill_Lerach_0001.jpg,neutral
Rick_Carlisle_0001.jpg,disgust
HrithikRoshan_175.jpg,sadness
Colin_Jackson_0002.jpg,happiness
Ahmet_Demir_0001.jpg,neutral
Alvaro_Silva_Calderon_0004.jpg,neutral
FaridaJalal_73.jpg,sadness
Dwarakish_188.jpg,disgust
Cesar_Gaviria_0005.jpg,happiness
Caroline_Kennedy_0003.jpg,happiness
Ana_Guevara_0005.jpg,neutral
Ben_Cohen_0001.jpg,neutral
Charles_Moose_0002.jpg,anger
Biljana_Plavsic_0002.jpg,neutral
Celine_Dion_0005.jpg,neutral
Jennifer_Capriati_0032.jpg,surprise
Barry_Nakell_0001.jpg,neutral
Ariel_Sharon_0022.jpg,neutral
Bill_Frist_0004.jpg,surprise
Carly_Fiorina_0002.jpg,neutral
Alejandro_Toledo_0020.jpg,neutral
George_W_Bush_0017.jpg,surprise
Dwarakish_202.jpg,disgust
Dwarakish_39.jpg,disgust
Claudia_Pechstein_0004.jpg,happiness
Cristina_Kirchner_0001.jpg,happiness
Chin-Feng_Chen_0001.jpg,happiness
Connie_Chung_0001.jpg,happiness
Bob_Alper_0001.jpg,happiness
Doug_Collins_0002.jpg,anger
Wilfredo_Moreno_0001.jpg,anger
Diana_Ross_0001.jpg,surprise
Albert_Costa_0006.jpg,neutral
Colin_Powell_0026.jpg,happiness
Buford_Blount_0001.jpg,happiness
Cesar_Gaviria_0004.jpg,neutral
Jayamadhuri_111.jpg,disgust
Carolina_Kluft_0002.jpg,happiness
Dale_Earnhardt_Jr_0002.jpg,happiness
Felix_Mantilla_0001.jpg,anger
Lleyton_Hewitt_0022.jpg,surprise
Antonio_Palocci_0001.jpg,neutral
Amelie_Mauresmo_0005.jpg,surprise
Arnold_Schwarzenegger_0003.jpg,happiness
Bill_Graham_0002.jpg,happiness
Artieas_Shanks_0001.jpg,neutral
Bob_Graham_0006.jpg,happiness
Adrien_Brody_0012.jpg,neutral
Angelo_Reyes_0002.jpg,neutral
Christian_Lirette_0001.jpg,happiness
Satnarine_Sharma_0001.jpg,sadness
Arnold_Schwarzenegger_0042.jpg,happiness
Carlos_Barragan_0001.jpg,neutral
Megan_Mullally_0002.jpg,surprise
Ariel_Sharon_0058.jpg,neutral
Bill_Gates_0004.jpg,happiness
Anna_Kournikova_0011.jpg,sadness
Hugo_Chavez_0018.jpg,sadness
Bob_Menendez_0001.jpg,happiness
Boris_Henry_0001.jpg,happiness
FaridaJalal_75.jpg,sadness
Adriana_Lima_0001.jpg,neutral
Bianca_Jagger_0001.jpg,neutral
Arnie_Boehm_0001.jpg,neutral
Anthony_Hopkins_0002.jpg,neutral
Bob_Dole_0003.jpg,neutral
Colin_Powell_0061.jpg,happiness
Chris_Claiborne_0001.jpg,happiness
Barbara_Bach_0001.jpg,happiness
Carey_Lowell_0001.jpg,happiness
Dileep_41.jpg,sadness
James_Schultz_0001.jpg,sadness
Bill_Frist_0001.jpg,neutral
Aron_Ralston_0001.jpg,surprise
Allison_Searing_0001.jpg,neutral
Courtney_Cox_0001.jpg,happiness
Michelle_Branch_0002.jpg,anger
Adelina_Avila_0001.jpg,neutral
Charlie_Hunnam_0001.jpg,happiness
Daniel_Radcliffe_0001.jpg,happiness
Colin_Powell_0036.jpg,happiness
Claudia_Pechstein_0001.jpg,happiness
Dwarakish_95.jpg,disgust
Dwarakish_23.jpg,disgust
Brad_Pitt_0001.jpg,neutral
Dwarakish_127.jpg,disgust
Carlos_Ortega_0002.jpg,neutral
Ariel_Sharon_0045.jpg,neutral
Candace_Sutton_0001.jpg,neutral
Andrew_Weissmann_0001.jpg,neutral
Bob_Hope_0008.jpg,neutral
Augusto_Roa_Bastos_0001.jpg,neutral
Atal_Bihari_Vajpayee_0011.jpg,neutral
Kim_Clijsters_0012.jpg,disgust
Arianna_Huffington_0004.jpg,happiness
Bob_Dole_0002.jpg,happiness
Andre_Agassi_0014.jpg,sadness
Dileep_14.jpg,sadness
Arnoldo_Aleman_0005.jpg,happiness
Bernard_Giraudeau_0001.jpg,happiness
Carlos_Lordkipanitse_0001.jpg,neutral
Christina_Sawaya_0001.jpg,happiness
Billy_Crystal_0002.jpg,happiness
Cliff_Ellis_0001.jpg,happiness
Gloria_Macapagal_Arroyo_0028.jpg,surprise
Brad_Russ_0001.jpg,neutral
Andre_Agassi_0015.jpg,happiness
Hans_Eichel_0002.jpg,surprise
Annie_Machon_0001.jpg,neutral
Filippo_Inzaghi_0002.jpg,anger
Carolina_Kluft_0001.jpg,happiness
Charlene_Barshefsky_0001.jpg,happiness
Calvin_Joseph_Coleman_0001.jpg,neutral
Ari_Fleischer_0001.jpg,happiness
Britney_Spears_0007.jpg,neutral
Charles_Moose_0001.jpg,anger
Bill_Bradley_0001.jpg,happiness
Bridget_Fonda_0003.jpg,happiness
Carson_Palmer_0004.jpg,neutral
Dwarakish_18.jpg,disgust
Calista_Flockhart_0004.jpg,happiness
Benazir_Bhutto_0005.jpg,neutral
Carlo_Ancelotti_0003.jpg,neutral
Augusto_Pinochet_0002.jpg,happiness
Dave_Odom_0001.jpg,surprise
Alexander_Downer_0002.jpg,neutral
Brenda_Wilson_0001.jpg,happiness
Bill_Nelson_0001.jpg,happiness
Brandon_Robinson_0001.jpg,neutral
Billy_Beane_0001.jpg,happiness
Bob_Geldof_0002.jpg,neutral
Ahmed_Chalabi_0005.jpg,neutral
Brad_Gushue_0001.jpg,happiness
Jayamadhuri_158.jpg,disgust
Bruna_Colosio_0001.jpg,happiness
Carrie-Anne_Moss_0005.jpg,neutral
Bison_Dele_0001.jpg,neutral
Anthony_Hopkins_0001.jpg,neutral
Arsinee_Khanjian_0002.jpg,happiness
Erika_Harold_0001.jpg,surprise
Amelie_Mauresmo_0013.jpg,neutral
Dennis_Kucinich_0006.jpg,anger
Colin_Powell_0163.jpg,happiness
Allyson_Felix_0001.jpg,neutral
Lindsay_Davenport_0022.jpg,surprise
Charles_Moose_0012.jpg,neutral
Byron_Scott_0002.jpg,neutral
Charles_Moose_0011.jpg,neutral
Alexander_Downer_0003.jpg,happiness
George_W_Bush_0313.jpg,surprise
Malak_Habbak_0001.jpg,surprise
Alexandra_Pelosi_0001.jpg,happiness
Chris_Byrd_0001.jpg,surprise
Art_Hoffmann_0002.jpg,happiness
Mark_Philippoussis_0008.jpg,anger
Britney_Spears_0001.jpg,happiness
Colin_Powell_0033.jpg,happiness
Carol_Williams_0001.jpg,neutral
Ali_Naimi_0001.jpg,neutral
Chuck_Yeager_0002.jpg,happiness
Avinash_24.jpg,sadness
Colin_Powell_0172.jpg,happiness
Carlos_Mesa_0002.jpg,happiness
Amer_al-Saadi_0003.jpg,neutral
Keith_Lowen_0001.jpg,surprise
Casy_Preslar_0001.jpg,surprise
Dwarakish_101.jpg,sadness
Larry_Lindsey_0002.jpg,anger
Jayamadhuri_165.jpg,sadness
Bob_Bowlsby_0001.jpg,happiness
Herman_Edwards_0001.jpg,surprise
Andrei_Mikhnevich_0002.jpg,neutral
Dwarakish_24.jpg,disgust
Brian_Cashman_0001.jpg,happiness
Branko_Crvenkovski_0003.jpg,neutral
Azra_Akin_0003.jpg,happiness
Antonio_Banderas_0004.jpg,surprise
Ben_Howland_0004.jpg,happiness
Tiger_Woods_0023.jpg,sadness
Dwarakish_176.jpg,disgust
Joanne_Duquette_0001.jpg,sadness
Carlos_Moya_0018.jpg,neutral
Bob_Hope_0003.jpg,happiness
Alexandra_Rozovskaya_0001.jpg,neutral
Akhmed_Zakayev_0003.jpg,neutral
Andre_Agassi_0017.jpg,happiness
Dwarakish_75.jpg,sadness
Choi_Sung-hong_0005.jpg,happiness
Jorge_Valdano_0001.jpg,surprise
George_W_Bush_0131.jpg,surprise
Brigitte_Boisselier_0001.jpg,happiness
Alberto_Sordi_0001.jpg,happiness
Andy_Roddick_0011.jpg,happiness
Cuba_Gooding_Jr_0001.jpg,happiness
Jayamadhuri_33.jpg,disgust
Dwarakish_34.jpg,disgust
Mark_McClellan_0001.jpg,surprise
Alejandro_Toledo_0038.jpg,neutral
Alejandro_Lembo_0001.jpg,happiness
George_W_Bush_0351.jpg,surprise
Clay_Campbell_0001.jpg,happiness
Al_Gore_0002.jpg,anger
Alexander_Rumyantsev_0001.jpg,neutral
Asif_Ali_Zardari_0001.jpg,neutral
Carlos_Arroyo_0001.jpg,anger
Jayamadhuri_175.jpg,sadness
Binyamin_Ben-Eliezer_0003.jpg,neutral
Candice_Bergen_0001.jpg,happiness
Arantxa_Sanchez-Vicario_0002.jpg,happiness
Ari_Fleischer_0009.jpg,neutral
Christine_Todd_Whitman_0005.jpg,happiness
HrithikRoshan_177.jpg,sadness
John_Howard_0017.jpg,anger
Bruce_Weber_0001.jpg,happiness
Carla_Myers_0002.jpg,neutral
Brian_De_Palma_0001.jpg,happiness
Arnold_Schwarzenegger_0020.jpg,neutral
Bobby_Robson_0002.jpg,neutral
Jennifer_Capriati_0016.jpg,anger
Alexandre_Despatie_0001.jpg,happiness
Chistian_Stahl_0001.jpg,neutral
HrithikRoshan_176.jpg,sadness
Dileep_78.jpg,anger
Charles_Grassley_0002.jpg,happiness
Alejandro_Toledo_0008.jpg,neutral
Alex_Barros_0001.jpg,happiness
George_W_Bush_0169.jpg,surprise
Brian_Clemens_0001.jpg,neutral
Charles_Kartman_0002.jpg,happiness
facial-expressions_2868588k.jpg,anger
Chan_Choi_0001.jpg,happiness
Bernard_Landry_0004.jpg,happiness
Cass_Ballenger_0001.jpg,neutral
Chan_Gailey_0003.jpg,neutral
Bruce_Van_De_Velde_0002.jpg,sadness
Ali_Abbas_0002.jpg,neutral
Beth_Jones_0002.jpg,sadness
Alejandro_Toledo_0011.jpg,neutral
Michael_Chang_0005.jpg,anger
Jayamadhuri_155.jpg,sadness
Claire_Leger_0001.jpg,sadness
Chawki_Armali_0001.jpg,happiness
Cesar_Gaviria_0002.jpg,happiness
Caroline_Dhavernas_0001.jpg,happiness
Carlos_Menem_0014.jpg,happiness
Cristina_Saralegui_0001.jpg,happiness
Benjamin_Netanyahu_0002.jpg,neutral
John_Mabry_0001.jpg,surprise
Cate_Blanchett_0002.jpg,neutral
Adrian_Fernandez_0001.jpg,neutral
Andy_Madikians_0001.jpg,neutral
Ariel_Sharon_0059.jpg,neutral
Bryce_Carmine_0001.jpg,neutral
Ain_Seppik_0001.jpg,neutral
Charlie_Williams_0001.jpg,neutral
George_W_Bush_0359.jpg,surprise
Serena_Williams_0028.jpg,anger
Avinash_8.jpg,sadness
Andre_Agassi_0023.jpg,happiness
Armando_Avila_Panchame_0001.jpg,neutral
Bob_Eskridge_0001.jpg,neutral
Bill_Gates_0011.jpg,happiness
Bernard_Law_0001.jpg,neutral
Colin_Powell_0035.jpg,happiness
Daisy_Fuentes_0001.jpg,happiness
Bill_Clinton_0014.jpg,neutral
Cesar_Gaviria_0007.jpg,neutral
Tom_Coverdale_0001.jpg,anger
George_W_Bush_0202.jpg,surprise
Lleyton_Hewitt_0012.jpg,surprise
Carlos_Moya_0008.jpg,neutral
Trent_Lott_0014.jpg,sadness
Billy_Gilman_0001.jpg,happiness
Avinash_15.jpg,sadness
Calista_Flockhart_0006.jpg,happiness
Adrian_Annus_0001.jpg,neutral
Serena_Williams_0041.jpg,anger
Alvaro_Noboa_0003.jpg,happiness
Carla_Del_Ponte_0002.jpg,neutral
Bob_Iger_0001.jpg,happiness
Alex_Barros_0002.jpg,happiness
Dileep_91.jpg,anger
Amelie_Mauresmo_0015.jpg,neutral
George_W_Bush_0317.jpg,surprise
Allyson_Felix_0003.jpg,happiness
Amy_Redford_0001.jpg,happiness
Colin_Powell_0024.jpg,happiness
Bo_Pelini_0001.jpg,neutral
George_W_Bush_0503.jpg,anger
Ali_Khamenei_0001.jpg,happiness
Cheryl_James_0001.jpg,happiness
Angelo_Genova_0001.jpg,happiness
Antonio_Banderas_0002.jpg,happiness
Alvaro_Uribe_0027.jpg,neutral
Celso_Amorim_0001.jpg,neutral
Angelina_Jolie_0009.jpg,neutral
Brian_Heidik_0001.jpg,neutral
Abdel_Aziz_Al-Hakim_0001.jpg,neutral
Asa_Hutchinson_0002.jpg,neutral
George_W_Bush_0224.jpg,surprise
Calista_Flockhart_0001.jpg,happiness
Branko_Crvenkovski_0001.jpg,happiness
Bobo_Balde_0001.jpg,neutral
Jayamadhuri_193.jpg,disgust
Bertrand_Delanoe_0001.jpg,neutral
Angelina_Jolie_0019.jpg,neutral
Alvaro_Uribe_0014.jpg,surprise
Alejandro_Avila_0003.jpg,neutral
HrithikRoshan_109.jpg,disgust
Cherie_Blair_0002.jpg,surprise
Brendan_Stai_0001.jpg,happiness
Abdullatif_Sener_0002.jpg,neutral
Bill_Belichick_0002.jpg,neutral
Carol_Moseley_Braun_0001.jpg,happiness
Anna_Nicole_Smith_0001.jpg,happiness
Cherry_Jones_0001.jpg,happiness
Art_Lopez_0001.jpg,happiness
Aaron_Peirsol_0004.jpg,neutral
Brandon_Jones_0001.jpg,happiness
Armando_Calderon_Sol_0001.jpg,neutral
Allen_Iverson_0001.jpg,surprise
Francisco_Garcia_0001.jpg,surprise
Dwarakish_120.jpg,disgust
Lindsay_Davenport_0006.jpg,anger
Bernard_Landry_0002.jpg,neutral
Ann_Veneman_0009.jpg,neutral
Ben_Howland_0002.jpg,neutral
Boris_Becker_0001.jpg,happiness
Michael_Schumacher_0006.jpg,anger
Jayamadhuri_24.jpg,disgust
Al_Leiter_0001.jpg,happiness
Jennifer_Aniston_0021.jpg,surprise
Ariel_Sharon_0068.jpg,neutral
Arnold_Schwarzenegger_0018.jpg,happiness
Christopher_Russell_0001.jpg,happiness
Bill_Maher_0001.jpg,happiness
Alanis_Morissette_0001.jpg,happiness
Bill_Gates_0006.jpg,happiness
Bill_Fennelly_0001.jpg,neutral
Angelina_Jolie_0008.jpg,neutral
Dileep_71.jpg,anger
Eddie_Lucio_0001.jpg,surprise
Avinash_23.jpg,sadness
Amy_Pascal_0001.jpg,happiness
Ariel_Sharon_0027.jpg,neutral
Binyamin_Ben-Eliezer_0005.jpg,neutral
Jennifer_Capriati_0033.jpg,anger
Aron_Ralston_0002.jpg,neutral
Adam_Scott_0001.jpg,neutral
Alan_Zemaitis_0001.jpg,neutral
Arnold_Schwarzenegger_0035.jpg,happiness
FaridaJalal_5.jpg,disgust
Chang_Tso_0001.jpg,happiness
Clay_Aiken_0002.jpg,happiness
Colin_Powell_0229.jpg,happiness
Boris_Trajkovski_0001.jpg,happiness
Cindy_Crawford_0002.jpg,happiness
Jennifer_Capriati_0019.jpg,anger
Jennifer_Capriati_0024.jpg,anger
Boutros_Boutros_Ghali_0001.jpg,happiness
Chin-Hui_Tsao_0001.jpg,happiness
Dwarakish_171.jpg,disgust
Dan_Monson_0001.jpg,surprise
Chan_Gailey_0001.jpg,neutral
Catherine_Deneuve_0002.jpg,happiness
Abdullah_Gul_0003.jpg,happiness
Dwarakish_103.jpg,disgust
Condoleezza_Rice_0001.jpg,happiness
Michael_Olowokandi_0001.jpg,anger
Andy_Benes_0001.jpg,neutral
Alisha_Richman_0001.jpg,neutral
Cecilia_Chang_0001.jpg,neutral
Aleksander_Kwasniewski_0002.jpg,happiness
Brad_Garrett_0001.jpg,happiness
Ben_Affleck_0005.jpg,happiness
Andre_Agassi_0016.jpg,happiness
Colin_Farrell_0006.jpg,happiness
Ariel_Sharon_0072.jpg,neutral
Bill_Clinton_0028.jpg,happiness
Ali_Mohammed_Maher_0001.jpg,neutral
George_W_Bush_0003.jpg,surprise
FaridaJalal_69.jpg,sadness
Bill_Gates_0002.jpg,happiness
Bernard_Lord_0002.jpg,neutral
Alvaro_Silva_Calderon_0003.jpg,neutral
Colin_Powell_0032.jpg,happiness
Anderson_Varejao_0001.jpg,happiness
Dileep_33.jpg,anger
Venus_Williams_0009.jpg,sadness
Avinash_25.jpg,sadness
Bill_Richardson_0001.jpg,neutral
Gene_Keady_0001.jpg,anger
Ari_Fleischer_0010.jpg,happiness
Serena_Williams_0015.jpg,anger
Rick_Stansbury_0001.jpg,anger
Carlos_Menem_0013.jpg,happiness
Ariel_Sharon_0033.jpg,neutral
Dileep_72.jpg,anger
Atal_Bihari_Vajpayee_0017.jpg,happiness
Cosmo_Iacavazzi_0001.jpg,happiness
Saeb_Erekat_0002.jpg,anger
Brigitte_Boisselier_0002.jpg,happiness
Filippo_Inzaghi_0001.jpg,anger
HrithikRoshan_47.jpg,sadness
Cathryn_Crawford_0001.jpg,neutral
Dwarakish_121.jpg,disgust
Barbara_Felt-Miller_0001.jpg,neutral
Donald_Rumsfeld_0027.jpg,anger
Bill_Clancy_0001.jpg,neutral
Andrea_Kiser_0001.jpg,neutral
Atal_Bihari_Vajpayee_0015.jpg,neutral
Cheryl_Ford_0001.jpg,happiness
Carlos_Moya_0015.jpg,neutral
Kwon_Young-gil_0001.jpg,sadness
Benjamin_Netanyahu_0005.jpg,neutral
Bob_Hope_0005.jpg,happiness
Carlton_Baugh_0001.jpg,neutral
Jack_Straw_0027.jpg,surprise
Colin_Farrell_0002.jpg,happiness
Benazir_Bhutto_0004.jpg,happiness
Chuanyun_Li_0001.jpg,happiness
Bill_Frist_0007.jpg,neutral
Venus_Williams_0005.jpg,sadness
Alejandro_Toledo_0023.jpg,neutral
Allan_Wagner_0001.jpg,neutral
Ben_Affleck_0003.jpg,happiness
Alvaro_Uribe_0025.jpg,neutral
Annette_Bening_0002.jpg,happiness
Charles_Moose_0006.jpg,anger
Jayamadhuri_179.jpg,sadness
Paula_Radcliffe_0004.jpg,disgust
Venus_Williams_0008.jpg,sadness
Manuel_Jesus_0001.jpg,anger
Britney_Spears_0009.jpg,happiness
Ariel_Sharon_0062.jpg,happiness
Alex_Sink_0002.jpg,happiness
Bobby_Jackson_0001.jpg,happiness
Boris_Jordan_0001.jpg,happiness
Celine_Dion_0007.jpg,happiness
Jayamadhuri_29.jpg,disgust
Gerhard_Schroeder_0037.jpg,sadness
Carlos_Alberto_Parreira_0001.jpg,neutral
Alejandro_Toledo_0027.jpg,happiness
Andrew_Bunner_0002.jpg,happiness
Daisy_Fuentes_0004.jpg,happiness
Anibal_Ibarra_0002.jpg,happiness
Angela_Bassett_0006.jpg,happiness
Jayamadhuri_178.jpg,sadness
Dwarakish_68.jpg,disgust
Anthony_Carter_0001.jpg,neutral
Bernard_Kerik_0001.jpg,happiness
Cathy_Freeman_0001.jpg,neutral
Arthur_Johnson_0001.jpg,surprise
Adrian_McPherson_0002.jpg,neutral
Bob_Riley_0001.jpg,surprise
Ann_Veneman_0006.jpg,neutral
Celso_Lafer_0001.jpg,neutral
Ali_Naimi_0007.jpg,neutral
Alejandro_Toledo_0022.jpg,neutral
Abdul_Rahman_0001.jpg,neutral
Fernando_Gonzalez_0001.jpg,anger
Angelina_Jolie_0006.jpg,neutral
Aaron_Tippin_0001.jpg,neutral
Jayamadhuri_124.jpg,sadness
Adrianna_Zuzic_0001.jpg,neutral
Alec_Baldwin_0004.jpg,neutral
Beatriz_Merino_0001.jpg,happiness
Ann_Veneman_0001.jpg,neutral
Colin_Powell_0060.jpg,happiness
George_W_Bush_0510.jpg,anger
Choi_Sung-hong_0004.jpg,happiness
Carlos_Moya_0011.jpg,neutral
Albert_Brooks_0001.jpg,happiness
Agnes_Bruckner_0001.jpg,neutral
Carlos_Fasciolo_0001.jpg,neutral
Dennis_Kucinich_0002.jpg,surprise
John_Negroponte_0026.jpg,surprise
Aaron_Patterson_0001.jpg,neutral
Andrew_Caldecott_0001.jpg,neutral
Maxim_Afinogenov_0001.jpg,surprise
Ciro_Gomes_0003.jpg,happiness
Barbara_Walters_0002.jpg,happiness
Bob_Beauprez_0002.jpg,happiness
Andre_Agassi_0004.jpg,happiness
Luiz_Inacio_Lula_da_Silva_0023.jpg,surprise
Anthony_Pisciotti_0001.jpg,neutral
Dwarakish_112.jpg,disgust
Barry_Zito_0001.jpg,neutral
Bernice_Wong_0001.jpg,neutral
Dwarakish_22.jpg,disgust
Ari_Fleischer_0003.jpg,neutral
Jennifer_Capriati_0039.jpg,anger
Andre_Agassi_0013.jpg,happiness
Colin_Powell_0014.jpg,happiness
Andrew_Weissmann_0003.jpg,neutral
Alberto_Ruiz_Gallardon_0002.jpg,happiness
Bob_Cantrell_0001.jpg,neutral
Allyson_Felix_0004.jpg,neutral
Michael_Hoffa_0001.jpg,surprise
Martina_Hingis_0003.jpg,surprise
Bijan_Darvish_0003.jpg,neutral
Jayamadhuri_180.jpg,disgust
Amy_Gale_0001.jpg,sadness
Christina_Aguilera_0002.jpg,happiness
Dileep_79.jpg,sadness
Ali_Adbul_Karim_Madani_0001.jpg,happiness
Dwarakish_79.jpg,sadness
Bill_Parsons_0001.jpg,neutral
HrithikRoshan_179.jpg,sadness
Serena_Williams_0039.jpg,anger
Carrie-Anne_Moss_0002.jpg,neutral
Bill_Simon_0004.jpg,surprise
Cameron_Diaz_0004.jpg,happiness
Chen_Liang_Yu_0001.jpg,happiness
Beth_Blough_0001.jpg,sadness
Jiri_Novak_0004.jpg,surprise
Cameron_Diaz_0001.jpg,happiness
Carlos_Alberto_0001.jpg,neutral
Daniel_Radcliffe_0003.jpg,happiness
Choi_Sung-hong_0002.jpg,happiness
Bill_Clinton_0007.jpg,happiness
Colin_Powell_0186.jpg,happiness
Lleyton_Hewitt_0006.jpg,surprise
Anne_Donovan_0001.jpg,surprise
Ann_Veneman_0010.jpg,neutral
Ashraf_Alasmar_0001.jpg,neutral
Jayamadhuri_126.jpg,anger
Bill_Gates_0005.jpg,happiness
George_W_Bush_0226.jpg,anger
Bertie_Ahern_0005.jpg,happiness
Arnold_Scott_0001.jpg,neutral
Jayamadhuri_16.jpg,sadness
Camilla_Parker_Bowles_0002.jpg,happiness
Carmen_Electra_0001.jpg,happiness
Jayamadhuri_138.jpg,sadness
Alexander_Losyukov_0003.jpg,sadness
Billy_Sollie_0001.jpg,neutral
Alejandro_Toledo_0004.jpg,anger
John_Ashcroft_0005.jpg,surprise
Antwun_Echols_0001.jpg,neutral
FaridaJalal_39.jpg,disgust
Christian_Wulff_0002.jpg,happiness
Allen_Rock_0001.jpg,neutral
Alexander_Payne_0001.jpg,neutral
Arnold_Schwarzenegger_0015.jpg,happiness
Alastair_Campbell_0002.jpg,neutral
Adam_Rich_0001.jpg,neutral
George_W_Bush_0356.jpg,surprise
Keith_Rodriguez_0001.jpg,sadness
Guillermo_Coria_0006.jpg,surprise
Herb_Sendek_0003.jpg,sadness
Aby_Har-Even_0001.jpg,neutral
Arnold_Schwarzenegger_0010.jpg,happiness
Bill_Frist_0006.jpg,neutral
Colin_Powell_0176.jpg,happiness
SharmilaTagore_42.jpg,anger
Sourav_Ganguly_0002.jpg,disgust
Celine_Dion_0008.jpg,anger
Alvaro_Uribe_0013.jpg,neutral
Bob_Guccione_0001.jpg,neutral
Ben_Affleck_0002.jpg,happiness
Brad_Johnson_0001.jpg,neutral
Carol_Burnett_0001.jpg,happiness
Bill_Gates_0001.jpg,neutral
John_Kerry_0003.jpg,surprise
Alicia_Silverstone_0001.jpg,happiness
Colin_Powell_0072.jpg,happiness
Mike_Samp_0001.jpg,anger
Jayamadhuri_35.jpg,disgust
Arnold_Schwarzenegger_0016.jpg,neutral
Claudia_Schiffer_0003.jpg,happiness
Abdulaziz_Kamilov_0001.jpg,neutral
Anna_Kournikova_0003.jpg,neutral
Bill_Readdy_0001.jpg,neutral
Laura_Bush_0028.jpg,surprise
Dwarakish_145.jpg,disgust
Arye_Mekel_0001.jpg,neutral
Aram_Adler_0001.jpg,surprise
Carlos_Menem_0007.jpg,happiness
Jennifer_Capriati_0015.jpg,anger
Ashanti_0001.jpg,happiness
Angela_Merkel_0001.jpg,happiness
Jayamadhuri_98.jpg,disgust
Jude_Law_0002.jpg,anger
Brian_Cowen_0002.jpg,neutral
Tiger_Woods_0001.jpg,sadness
Bill_Gates_0012.jpg,neutral
Alessandra_Cerna_0001.jpg,sadness
Caroline_Link_0001.jpg,happiness
Atal_Bihari_Vajpayee_0007.jpg,happiness
Bijan_Namdar_Zangeneh_0002.jpg,neutral
Angelina_Jolie_0003.jpg,happiness
Clive_Woodward_0001.jpg,happiness
Arnold_Schwarzenegger_0032.jpg,surprise
Bob_Beauprez_0001.jpg,happiness
Mark_Dacey_0001.jpg,surprise
Bruce_Paltrow_0001.jpg,happiness
Colin_Powell_0216.jpg,happiness
Ariel_Sharon_0066.jpg,neutral
Anastasia_Myskina_0001.jpg,anger
Charlie_Zaa_0002.jpg,happiness
Junichi_Inamoto_0001.jpg,sadness
Carlos_Ruiz_0002.jpg,happiness
Abdullah_Gul_0004.jpg,happiness
Binyamin_Ben-Eliezer_0007.jpg,neutral
Dwarakish_102.jpg,sadness
Monica_Seles_0003.jpg,anger
Alvaro_Uribe_0032.jpg,happiness
Andy_Garcia_0001.jpg,happiness
Carlos_Moya_0014.jpg,neutral
Amber_Tamblyn_0001.jpg,neutral
Abdoulaye_Wade_0004.jpg,happiness
Colin_Powell_0104.jpg,happiness
Anne_McLellan_0002.jpg,neutral
Stephen_Arigbabu_0001.jpg,disgust
Chris_Pronger_0001.jpg,happiness
Angelina_Jolie_0005.jpg,anger
Barry_Alvarez_0002.jpg,neutral
Colin_Powell_0131.jpg,happiness
Arnold_Schwarzenegger_0014.jpg,happiness
Bob_Graham_0002.jpg,neutral
Cindy_Crawford_0001.jpg,happiness
Serena_Williams_0005.jpg,anger
Britney_Spears_0006.jpg,happiness
Bill_Simon_0005.jpg,happiness
Bill_Clinton_0021.jpg,happiness
Dwarakish_107.jpg,disgust
Chen_Kaige_0001.jpg,happiness
Lleyton_Hewitt_0014.jpg,anger
Arnold_Palmer_0001.jpg,happiness
Andre_Agassi_0011.jpg,neutral
Corinna_Harfouch_0001.jpg,happiness
Anastasia_Myskina_0003.jpg,anger
Serena_Williams_0022.jpg,anger
Ashton_Kutcher_0001.jpg,happiness
Casey_Crowder_0001.jpg,happiness
Carlos_Ruiz_0003.jpg,neutral
Clara_Harris_0004.jpg,happiness
Charles_Ingram_0001.jpg,happiness
Bill_Nelson_0002.jpg,neutral
Bashar_Assad_0002.jpg,happiness
Chen_Shui-bian_0001.jpg,neutral
Alex_Zanardi_0001.jpg,happiness
Arnold_Schwarzenegger_0033.jpg,happiness
Andre_Agassi_0012.jpg,surprise
Augustin_Calleri_0001.jpg,neutral
George_W_Bush_0042.jpg,anger
Mark_Hurlbert_0004.jpg,anger
Bill_Frist_0008.jpg,neutral
HrithikRoshan_174.jpg,sadness
Bill_McBride_0003.jpg,neutral
Dennis_Kucinich_0004.jpg,anger
Angela_Bassett_0005.jpg,happiness
Bill_McBride_0005.jpg,happiness
Bill_Clinton_0012.jpg,happiness
Carlos_Ruckauf_0001.jpg,neutral
Jon_Stewart_0001.jpg,sadness
Matt_Doherty_0003.jpg,surprise
Alvaro_Uribe_0031.jpg,happiness
Ashanti_0003.jpg,happiness
Alejandro_Avila_0001.jpg,neutral
Dileep_110.jpg,sadness
Barry_Zito_0002.jpg,neutral
Jayamadhuri_136.jpg,disgust
Craig_Morgan_0001.jpg,happiness
Alberto_Gonzales_0001.jpg,neutral
Bruce_Willis_0001.jpg,neutral
Alexander_Lukashenko_0001.jpg,anger
Jayamadhuri_80.jpg,disgust
Aaron_Peirsol_0003.jpg,happiness
Benicio_Del_Toro_0001.jpg,happiness
Chung_Mong-joon_0002.jpg,happiness
Boris_Berezovsky_0001.jpg,neutral
Aileen_Riggin_Soule_0001.jpg,happiness
Andre_Agassi_0026.jpg,happiness
Ariel_Sharon_0047.jpg,neutral
Mike_Babcock_0002.jpg,anger
Anthony_Principi_0001.jpg,neutral
Jayamadhuri_43.jpg,disgust
Hugo_Chavez_0070.jpg,sadness
Calista_Flockhart_0005.jpg,happiness
Beyonce_Knowles_0001.jpg,surprise
Hoda_Asfor_0001.jpg,sadness
Ben_Curtis_0002.jpg,neutral
Alfredo_Pena_0001.jpg,neutral
AnFernce_Negron_0001.jpg,happiness
Calvin_Harrison_0001.jpg,happiness
Bill_Byrne_0001.jpg,neutral
Atal_Bihari_Vajpayee_0001.jpg,happiness
Ari_Fleischer_0012.jpg,happiness
Christine_Todd_Whitman_0003.jpg,surprise
Al_Pacino_0002.jpg,neutral
Carla_Moreno_0001.jpg,happiness
Chanda_Rubin_0003.jpg,happiness
Ashton_Kutcher_0003.jpg,neutral
Amer_al-Saadi_0004.jpg,neutral
Jayamadhuri_118.jpg,disgust
Charles_Taylor_0005.jpg,neutral
Claire_Hentzen_0001.jpg,happiness
Serena_Williams_0001.jpg,anger
Ari_Fleischer_0004.jpg,happiness
Bill_Graham_0005.jpg,anger
Atal_Bihari_Vajpayee_0019.jpg,neutral
Alyse_Beaupre_0001.jpg,happiness
Dwarakish_36.jpg,disgust
Arnold_Schwarzenegger_0019.jpg,neutral
Cindy_Klassen_0001.jpg,happiness
Bobby_Goldwater_0002.jpg,happiness
Fidel_Castro_0001.jpg,surprise
Craig_Burley_0001.jpg,happiness
Aitor_Gonzalez_0001.jpg,happiness
Ariel_Sharon_0043.jpg,neutral
Jayamadhuri_151.jpg,disgust
Andrea_Bocelli_0001.jpg,neutral
Geraldine_Chaplin_0004.jpg,surprise
Adrian_Nastase_0001.jpg,neutral
Jayamadhuri_153.jpg,disgust
Cabas_0001.jpg,happiness
Alvaro_Uribe_0035.jpg,neutral
Calista_Flockhart_0002.jpg,happiness
Bob_Graham_0003.jpg,neutral
FaridaJalal_103.jpg,disgust
Jennifer_Capriati_0034.jpg,anger
Al_Cardenas_0001.jpg,neutral
Brady_Rodgers_0001.jpg,happiness
Christopher_Reeve_0003.jpg,happiness
Jennifer_Capriati_0027.jpg,anger
Ajit_Agarkar_0001.jpg,happiness
Amanda_Coetzer_0002.jpg,neutral
Buzz_Hargrove_0001.jpg,happiness
Ivan_Shvedoff_0001.jpg,surprise
Brooke_Shields_0001.jpg,happiness
Coco_dEste_0001.jpg,happiness
Albert_Costa_0005.jpg,neutral
Dwarakish_98.jpg,disgust
Jennifer_Capriati_0009.jpg,anger
Ariel_Sharon_0006.jpg,neutral
Barbara_Bodine_0001.jpg,neutral
George_W_Bush_0511.jpg,surprise
Daniel_Osorno_0001.jpg,happiness
Jiri_Novak_0001.jpg,anger
Annette_Lu_0002.jpg,neutral
Dwarakish_191.jpg,disgust
Anne_Heche_0001.jpg,happiness
Arnold_Schwarzenegger_0041.jpg,happiness
Alejandro_Toledo_0012.jpg,happiness
Tommy_Robredo_0003.jpg,anger
Jayamadhuri_206.jpg,disgust
Carlos_Juarez_0001.jpg,neutral
Ana_Claudia_Talancon_0001.jpg,happiness
Amanda_Coetzer_0001.jpg,sadness
Andre_Agassi_0034.jpg,sadness
George_W_Bush_0220.jpg,surprise
Adrien_Brody_0005.jpg,neutral
Atal_Bihari_Vajpayee_0012.jpg,happiness
HrithikRoshan_111.jpg,disgust
George_W_Bush_0056.jpg,surprise
Dwarakish_158.jpg,disgust
Carlos_Manuel_Pruneda_0003.jpg,neutral
Andy_Griggs_0001.jpg,happiness
Jayamadhuri_117.jpg,disgust
Bo_Pelini_0002.jpg,happiness
Catherine_Woodard_0001.jpg,neutral
Arminio_Fraga_0003.jpg,neutral
Jennifer_Capriati_0022.jpg,surprise
Andre_Agassi_0018.jpg,happiness
Alicia_Molik_0001.jpg,neutral
Dwarakish_179.jpg,disgust
Arnoldo_Aleman_0003.jpg,neutral
Dwarakish_159.jpg,anger
Daniel_Montenegro_0001.jpg,happiness
Bill_Guerin_0001.jpg,neutral
Chang_Sang_0001.jpg,happiness
Andre_Agassi_0028.jpg,happiness
Bono_0002.jpg,neutral
Chris_Noth_0001.jpg,happiness
Art_Howe_0003.jpg,happiness
Andre_Smith_0001.jpg,happiness
Dwarakish_48.jpg,disgust
Blythe_Hartley_0002.jpg,happiness
Arnold_Schwarzenegger_0038.jpg,neutral
Colin_Powell_0107.jpg,happiness
Bill_Stein_0001.jpg,happiness
Adrien_Brody_0003.jpg,happiness
Bridgette_Wilson-Sampras_0001.jpg,happiness
Abdullah_Gul_0001.jpg,neutral
Ray_Lewis_0001.jpg,anger
Andrei_Nikolishin_0001.jpg,happiness
Al_Gore_0005.jpg,neutral
Avinash_22.jpg,sadness
Ann_Veneman_0007.jpg,neutral
Gerhard_Schroeder_0003.jpg,sadness
Al_Sharpton_0002.jpg,neutral
Doc_Rivers_0001.jpg,anger
Carlos_Menem_0006.jpg,neutral
Ludivine_Sagnier_0001.jpg,surprise
Carolyn_Dawn_Johnson_0003.jpg,happiness
Christine_Ebersole_0001.jpg,happiness
Arianna_Huffington_0003.jpg,happiness
Bulent_Ecevit_0002.jpg,neutral
Brian_Griese_0002.jpg,happiness
Corinne_Coman_0002.jpg,happiness
Carlos_Iturgaitz_0001.jpg,neutral
Betsy_Smith_0001.jpg,happiness
Dwarakish_154.jpg,sadness
George_Lopez_0001.jpg,surprise
Angela_Bassett_0001.jpg,happiness
Juan_Carlos_Ferrero_0019.jpg,anger
FaridaJalal_4.jpg,disgust
Dwarakish_50.jpg,disgust
Chick_Hearn_0001.jpg,happiness
Brock_Berlin_0001.jpg,happiness
Jayamadhuri_9.jpg,disgust
Celine_Dion_0006.jpg,happiness
Arnold_Schwarzenegger_0029.jpg,happiness
Alvaro_Uribe_0001.jpg,surprise
Ariel_Sharon_0056.jpg,neutral
John_Negroponte_0021.jpg,surprise
Brett_Hull_0001.jpg,happiness
Ben_Howland_0001.jpg,happiness
Chris_Matthews_0001.jpg,happiness
Boris_Becker_0002.jpg,sadness
Amelie_Mauresmo_0012.jpg,happiness
Cesar_Gaviria_0003.jpg,neutral
Carlos_Vives_0003.jpg,happiness
Bill_Graham_0003.jpg,surprise
Aleksander_Kwasniewski_0004.jpg,neutral
Alfonso_Soriano_0001.jpg,happiness
Carolina_Kluft_0003.jpg,neutral
Dwarakish_2.jpg,sadness
Barbara_Walters_0003.jpg,happiness
Carlos_Vives_0004.jpg,happiness
Alexander_Rumyantsev_0002.jpg,neutral
Abid_Hamid_Mahmud_Al-Tikriti_0003.jpg,neutral
Dwarakish_90.jpg,disgust
Andrew_Luster_0001.jpg,neutral
Betty_Garrison_0001.jpg,neutral
Brian_McIntyre_0001.jpg,neutral
Alejandro_Toledo_0003.jpg,neutral
George_W_Bush_0160.jpg,surprise
Aung_San_Suu_Kyi_0001.jpg,neutral
Bill_Callahan_0002.jpg,neutral
Jayamadhuri_65.jpg,disgust
George_W_Bush_0306.jpg,anger
Austin_Kearns_0001.jpg,happiness
Ariel_Sharon_0018.jpg,neutral
Crispin_Glover_0001.jpg,happiness
Andre_Agassi_0027.jpg,happiness
Barrett_Jackman_0001.jpg,happiness
Al_Sharpton_0007.jpg,neutral
Dwarakish_149.jpg,disgust
Amelie_Mauresmo_0021.jpg,neutral
Colin_Powell_0173.jpg,happiness
Alberta_Lee_0001.jpg,happiness
HrithikRoshan_112.jpg,disgust
Bill_Clinton_0025.jpg,neutral
John_Kerry_0002.jpg,surprise
HrithikRoshan_116.jpg,disgust
Azra_Akin_0001.jpg,happiness
Serena_Williams_0008.jpg,anger
Dileep_88.jpg,sadness
Bill_Hughes_0001.jpg,happiness
Alimzhan_Tokhtakhounov_0001.jpg,neutral
Barbara_Brezigar_0002.jpg,happiness
Agnelo_Queiroz_0001.jpg,neutral
Ana_Sebastiao_0001.jpg,happiness
Marcus_Gronholm_0002.jpg,surprise
Arnaud_Clement_0002.jpg,neutral
FaridaJalal_48.jpg,anger
Bob_Petrino_0001.jpg,neutral
Angelo_Reyes_0003.jpg,neutral
HrithikRoshan_31.jpg,sadness
Jayamadhuri_34.jpg,disgust
Arnold_Schwarzenegger_0008.jpg,neutral
Benjamin_Netanyahu_0004.jpg,neutral
Bob_Stoops_0001.jpg,neutral
Carlos_Menem_0010.jpg,happiness
Clark_Randt_0001.jpg,happiness
Jonathan_Edwards_0007.jpg,anger
George_W_Bush_0349.jpg,surprise
Ariel_Sharon_0026.jpg,neutral
HrithikRoshan_32.jpg,sadness
Al_Davis_0001.jpg,happiness
Jean-Pierre_Raffarin_0003.jpg,anger
Amer_al-Saadi_0001.jpg,neutral
Dwarakish_69.jpg,disgust
Ann_Landers_0001.jpg,happiness
Charlie_Zaa_0001.jpg,happiness
Candie_Kung_0001.jpg,happiness
Alexandra_Stevenson_0001.jpg,happiness
Bertie_Ahern_0004.jpg,neutral
Bustam_A_Zedan_Aljanabi_0001.jpg,neutral
Ariel_Sharon_0070.jpg,neutral
Amelie_Mauresmo_0007.jpg,neutral
Costas_Simitis_0004.jpg,happiness
Bulent_Ecevit_0001.jpg,neutral
HrithikRoshan_120.jpg,disgust
Ari_Fleischer_0011.jpg,neutral
Marcelo_Rios_0003.jpg,sadness
Candice_Bergen_0003.jpg,happiness
Jack_Goodman_0001.jpg,surprise
Caio_Blat_0001.jpg,happiness
Dwarakish_200.jpg,sadness
Ariel_Sharon_0060.jpg,happiness
Ariel_Sharon_0069.jpg,happiness
Bill_McBride_0010.jpg,happiness
Bill_Graham_0008.jpg,neutral
Bryan_Murray_0001.jpg,neutral
Amelie_Mauresmo_0011.jpg,neutral
Carlos_Ghosn_0002.jpg,neutral
Ariel_Sharon_0036.jpg,happiness
Andre_Techine_0001.jpg,neutral
Kristy_Curry_0001.jpg,surprise
Lon_Kruger_0002.jpg,anger
Ariel_Sharon_0002.jpg,neutral
Alec_Baldwin_0003.jpg,neutral
John_Brady_0002.jpg,anger
Amanda_Bynes_0002.jpg,happiness
Cho_Myung-kyun_0001.jpg,neutral
Colin_Montgomerie_0005.jpg,happiness
SharmilaTagore_43.jpg,anger
Sandy_Smith_0001.jpg,sadness
Dwarakish_177.jpg,disgust
Atal_Bihari_Vajpayee_0013.jpg,neutral
Aline_Chretien_0001.jpg,happiness
Ari_Fleischer_0013.jpg,neutral
Abba_Eban_0001.jpg,happiness
Ben_Affleck_0001.jpg,neutral
Charles_Moose_0009.jpg,neutral
Angelina_Jolie_0016.jpg,neutral
Angela_Merkel_0005.jpg,happiness
Jayamadhuri_68.jpg,disgust
Alejandro_Toledo_0029.jpg,neutral
Dwarakish_183.jpg,disgust
Binyamin_Ben-Eliezer_0004.jpg,neutral
Bart_Hendricks_0001.jpg,neutral
Abdullah_Gul_0009.jpg,neutral
Brandon_Fails_0001.jpg,happiness
Alexander_Downer_0001.jpg,happiness
Adrien_Brody_0008.jpg,neutral
Mike_Krzyzewski_0005.jpg,anger
Ariel_Sharon_0061.jpg,happiness
Arnold_Palmer_0003.jpg,neutral
Bill_Graham_0007.jpg,neutral
Dwarakish_81.jpg,sadness
Alvaro_Uribe_0004.jpg,neutral
Alecos_Markides_0001.jpg,neutral
Adrien_Brody_0004.jpg,happiness
Chang_Jae_On_0001.jpg,neutral
HrithikRoshan_46.jpg,sadness
Dwarakish_91.jpg,disgust
Chang_Saio-yue_0001.jpg,neutral
Aretha_Franklin_0001.jpg,happiness
Arturo_Gatti_0003.jpg,neutral
Bill_Kollar_0001.jpg,neutral
Carlos_Moya_0019.jpg,neutral
Ali_Abdullah_Saleh_0001.jpg,neutral
Almeida_Baptista_0001.jpg,neutral
Bela_Karolyi_0001.jpg,happiness
Alvaro_Uribe_0003.jpg,neutral
Javier_Weber_0002.jpg,anger
Avinash_9.jpg,sadness
Mark_Cuban_0002.jpg,surprise
Atal_Bihari_Vajpayee_0023.jpg,neutral
Colleen_Atwood_0001.jpg,happiness
Colin_Powell_0188.jpg,anger
Atal_Bihari_Vajpayee_0021.jpg,surprise
Alberto_Fujimori_0001.jpg,happiness
Ariel_Sharon_0050.jpg,neutral
Albert_Costa_0003.jpg,neutral
Ana_Guevara_0004.jpg,happiness
Bruce_Van_De_Velde_0001.jpg,neutral
Alison_Lohman_0002.jpg,neutral
Bill_Clinton_0005.jpg,happiness
Atal_Bihari_Vajpayee_0024.jpg,neutral
Charlotte_Rampling_0001.jpg,neutral
Ben_Chandler_0001.jpg,happiness
Christina_Aguilera_0004.jpg,happiness
Riek_Blanjaar_0001.jpg,sadness
Alfonso_Cuaron_0001.jpg,neutral
Aly_Wagner_0001.jpg,happiness
Alejandro_Toledo_0030.jpg,neutral
Thomas_Scavone_0001.jpg,disgust
Charlie_Garner_0001.jpg,happiness
Brandon_Webb_0001.jpg,neutral
Ben_Stein_0001.jpg,neutral
Mike_Myers_0004.jpg,surprise
Ariel_Sharon_0037.jpg,happiness
Annie_Chaplin_0001.jpg,happiness
Amy_Cotton_0001.jpg,happiness
Anastasia_Myskina_0002.jpg,surprise
Dwarakish_63.jpg,disgust
Bronson_Arroyo_0001.jpg,neutral
Bob_Geldof_0001.jpg,neutral
Fayssal_Mekdad_0003.jpg,sadness
Dwarakish_197.jpg,sadness
Clay_Aiken_0006.jpg,happiness
Ahmet_Necdet_Sezer_0001.jpg,neutral
Martin_Rodriguez_0001.jpg,surprise
John_Cusack_0001.jpg,surprise
John_Gruden_0001.jpg,anger
Alexander_Downer_0004.jpg,happiness
Avinash_30.jpg,sadness
Alex_Wallau_0001.jpg,happiness
Bertrand_Bonello_0002.jpg,happiness
Dwarakish_165.jpg,disgust
Billy_Joel_0001.jpg,happiness
Bryan_Adams_0001.jpg,neutral
Cemil_Cicek_0001.jpg,happiness
Aldo_Paredes_0002.jpg,happiness
Anna_Kournikova_0012.jpg,happiness
Cate_Blanchett_0004.jpg,happiness
Andrei_Konchalovsky_0001.jpg,happiness
Thomas_Enqvist_0001.jpg,anger
Christian_Wulff_0001.jpg,happiness
Fernando_Gonzalez_0006.jpg,surprise
Alejandro_Toledo_0013.jpg,happiness
Amelia_Vega_0004.jpg,happiness
Bill_Callahan_0003.jpg,neutral
Bill_Callahan_0001.jpg,neutral
Atom_Egoyan_0001.jpg,happiness
Choi_Yun-yong_0001.jpg,happiness
Dwarakish_174.jpg,disgust
Bernard_Siegel_0001.jpg,neutral
Dwarakish_189.jpg,disgust
Jayamadhuri_157.jpg,anger
Atsushi_Sato_0001.jpg,neutral
Bill_Graham_0009.jpg,neutral
Marat_Safin_0002.jpg,anger
Carlos_Moya_0003.jpg,neutral
Bill_Clinton_0024.jpg,happiness
Alejandro_Toledo_0021.jpg,happiness
Dwarakish_60.jpg,disgust
Brawley_King_0001.jpg,neutral
Atal_Bihari_Vajpayee_0018.jpg,happiness
HrithikRoshan_44.jpg,sadness
Al_Sharpton_0005.jpg,surprise
Arnold_Palmer_0002.jpg,neutral
Amelie_Mauresmo_0010.jpg,happiness
Ariel_Sharon_0023.jpg,happiness
Mick_Jagger_0005.jpg,anger
Shane_Warne_0001.jpg,anger
AJ_Cook_0001.jpg,happiness
Brian_StPierre_0001.jpg,neutral
Jeremy_Wotherspoon_0001.jpg,surprise
Amelie_Mauresmo_0018.jpg,neutral
Chris_Klein_0001.jpg,happiness
Angie_Arzola_0001.jpg,neutral
Carolina_Moraes_0001.jpg,happiness
Bob_Graham_0005.jpg,neutral
Andres_DAlessandro_0001.jpg,happiness
Arnold_Schwarzenegger_0030.jpg,happiness
Chuck_Hagel_0001.jpg,happiness
Bernardo_Segura_0001.jpg,happiness
Bill_Parcells_0002.jpg,happiness
James_Kopp_0001.jpg,sadness
Jennifer_Capriati_0007.jpg,anger
Bill_Clinton_0002.jpg,happiness
Charles_Taylor_0002.jpg,neutral
Courtney_Love_0002.jpg,happiness
Charlton_Heston_0002.jpg,happiness
Amy_Yasbeck_0001.jpg,happiness
Amr_Moussa_0001.jpg,neutral
Cindy_Crawford_0003.jpg,happiness
Bill_Clinton_0004.jpg,happiness
Anette_Hosoi_0001.jpg,sadness
Catherine_Deneuve_0003.jpg,happiness
Xanana_Gusmao_0005.jpg,anger
Jennifer_Capriati_0013.jpg,anger
Dwarakish_166.jpg,anger
Catherine_Donkers_0001.jpg,happiness
Dwarakish_122.jpg,disgust
Akbar_Hashemi_Rafsanjani_0001.jpg,neutral
Carlos_Bianchi_0001.jpg,happiness
Lon_Kruger_0001.jpg,anger
Alvaro_Uribe_0010.jpg,neutral
Arminio_Fraga_0006.jpg,neutral
Al_Davis_0002.jpg,neutral
Alex_Sink_0001.jpg,happiness
Ben_Glisan_0002.jpg,neutral
Catherine_Bell_0001.jpg,happiness
Charlotte_Church_0001.jpg,happiness
Augustin_Calleri_0003.jpg,neutral
George_W_Bush_0172.jpg,surprise
Javier_Vazquez_0001.jpg,surprise
Angelica_Romero_0001.jpg,neutral
Andre_Agassi_0010.jpg,happiness
Bill_Clinton_0016.jpg,happiness
Charles_Moose_0003.jpg,neutral
Ana_Paula_Gerard_0001.jpg,happiness
Avinash_6.jpg,sadness
Dwarakish_173.jpg,disgust
Boris_Becker_0003.jpg,neutral
Carla_Del_Ponte_0001.jpg,neutral
Catherine_Deneuve_0001.jpg,happiness
Patty_Schnyder_0001.jpg,sadness
Benjamin_Martinez_0001.jpg,happiness
Alejandro_Toledo_0002.jpg,neutral
Alex_Holmes_0001.jpg,happiness
Cameron_Diaz_0003.jpg,happiness
Carlos_Menem_0008.jpg,neutral
Ariel_Sharon_0064.jpg,happiness
Carlos_Menem_0002.jpg,happiness
Billy_Graham_0002.jpg,neutral
Ashanti_0005.jpg,happiness
Charles_Pouty_0001.jpg,neutral
Arnold_Schwarzenegger_0024.jpg,surprise
Bill_Paxton_0004.jpg,happiness
Damon_Dash_0001.jpg,happiness
Ana_Palacio_0001.jpg,neutral
Bode_Miller_0001.jpg,happiness
Carlos_Ghosn_0001.jpg,neutral
Bill_Graham_0006.jpg,neutral
Jelena_Dokic_0006.jpg,surprise
Brajesh_Mishra_0001.jpg,neutral
Cesar_Gaviria_0008.jpg,neutral
Aaron_Sorkin_0001.jpg,happiness
Ataollah_Mohajerani_0001.jpg,neutral
Al_Pacino_0001.jpg,neutral
Dileep_83.jpg,sadness
Carlos_Bianchi_0002.jpg,neutral
Britney_Spears_0013.jpg,happiness
Ben_Affleck_0007.jpg,neutral
Dave_Campo_0001.jpg,surprise
Ali_Naimi_0004.jpg,neutral
Andre_Agassi_0036.jpg,happiness
Jayamadhuri_173.jpg,sadness
Andy_Warhol_0001.jpg,neutral
Claudio_Lopez_0001.jpg,happiness
Bill_Gates_0008.jpg,happiness
Colin_Powell_0037.jpg,happiness
HrithikRoshan_125.jpg,disgust
Ariel_Sharon_0004.jpg,happiness
Charles_Taylor_0008.jpg,happiness
Alessandro_Nesta_0001.jpg,happiness
Amelie_Mauresmo_0001.jpg,neutral
Brandon_Boyd_0001.jpg,happiness
Aaron_Guiel_0001.jpg,happiness
Chan_Ho_Park_0001.jpg,neutral
Bob_Colvin_0002.jpg,neutral
Bridget_Fonda_0001.jpg,happiness
Anders_Fogh_Rasmussen_0003.jpg,neutral
Charles_Bell_0001.jpg,neutral
Garry_Witherall_0001.jpg,surprise
Alicia_Keys_0001.jpg,happiness
Charlton_Heston_0006.jpg,happiness
Astrid_Betancourt_0001.jpg,neutral
Abel_Pacheco_0003.jpg,neutral
Alec_Baldwin_0002.jpg,happiness
Benito_Santiago_0001.jpg,neutral
Britney_Spears_0004.jpg,happiness
Colin_Montgomerie_0001.jpg,happiness
Christian_Fittipaldi_0002.jpg,happiness
Alejandro_Avila_0002.jpg,neutral
Albert_Pujols_0001.jpg,happiness
Jeane_Kirkpatrick_0001.jpg,surprise
Aldo_Paredes_0001.jpg,happiness
Christine_Todd_Whitman_0002.jpg,happiness
Serena_Williams_0011.jpg,anger
Amanda_Bynes_0003.jpg,neutral
Alvaro_Noboa_0001.jpg,happiness
Antonio_Palocci_0007.jpg,happiness
Amelie_Mauresmo_0017.jpg,neutral
Alexis_Bledel_0001.jpg,happiness
Dwarakish_109.jpg,disgust
Barry_Switzer_0001.jpg,neutral
Ben_Wallace_0001.jpg,neutral
Arnold_Schwarzenegger_0036.jpg,neutral
Lindsay_Davenport_0012.jpg,anger
Anna_Kournikova_0008.jpg,neutral
Dileep_50.jpg,sadness
Alejandro_Toledo_0006.jpg,neutral
Jennifer_Capriati_0018.jpg,anger
Claire_Hentzen_0002.jpg,happiness
Dwarakish_151.jpg,disgust
Ali_Ahmeti_0001.jpg,neutral
Carlo_Ancelotti_0002.jpg,neutral
Barbara_Esbin_0001.jpg,neutral
Mike_Brey_0002.jpg,anger
Alejandro_Lerner_0001.jpg,neutral
Brian_Jordan_0001.jpg,happiness
Alexandra_Stevenson_0003.jpg,happiness
Colin_Powell_0077.jpg,happiness
Ariel_Sharon_0014.jpg,neutral
Arnold_Schwarzenegger_0037.jpg,happiness
Alan_Trammell_0001.jpg,happiness
Andre_Agassi_0021.jpg,neutral
Cecilia_Bolocco_0001.jpg,happiness
Abdullah_Gul_0014.jpg,neutral
Cesar_Maia_0001.jpg,happiness
Bob_Wright_0001.jpg,happiness
Anwar_Ibrahim_0002.jpg,happiness
Carlos_Menem_0015.jpg,happiness
Arnold_Schwarzenegger_0028.jpg,neutral
BB_King_0001.jpg,happiness
George_W_Bush_0488.jpg,surprise
Bill_Gates_0003.jpg,neutral
Atal_Bihari_Vajpayee_0010.jpg,anger
Christy_Turlington_0001.jpg,happiness
Akiko_Morigami_0001.jpg,neutral
George_W_Bush_0161.jpg,surprise
Jayamadhuri_154.jpg,anger
Conchita_Martinez_0002.jpg,surprise
Anders_Fogh_Rasmussen_0004.jpg,happiness
Larry_Brown_0007.jpg,anger
Alvaro_Uribe_0012.jpg,neutral
Tommy_Amaker_0001.jpg,anger
Antonio_Palocci_0002.jpg,neutral
Bob_Hope_0001.jpg,neutral
Hugo_Chavez_0022.jpg,sadness
Dario_Franchitti_0001.jpg,surprise
Andy_Griffith_0001.jpg,happiness
Brian_Meadors_0001.jpg,happiness
Cruz_Bustamante_0003.jpg,happiness
Carla_Sullivan_0001.jpg,neutral
Alyson_Hannigan_0001.jpg,happiness
Bob_Taft_0001.jpg,neutral
Bridget_Fonda_0002.jpg,happiness
Brooke_Gordon_0001.jpg,happiness
Ali_Naimi_0005.jpg,neutral
Tyler_Hamilton_0001.jpg,disgust
Dwarakish_15.jpg,disgust
Jennifer_Capriati_0012.jpg,anger
Dwarakish_62.jpg,disgust
Jayamadhuri_69.jpg,disgust
Dwarakish_152.jpg,disgust
Christopher_Patten_0001.jpg,happiness
Jayamadhuri_161.jpg,disgust
Angelina_Jolie_0004.jpg,happiness
Barbara_De_Brun_0001.jpg,neutral
Arantxa_Sanchez-Vicario_0001.jpg,happiness
Albert_Montanes_0001.jpg,neutral
Ariel_Sharon_0076.jpg,neutral
Al_Gore_0006.jpg,neutral
Dwarakish_35.jpg,disgust
Cindy_Zagorski_0001.jpg,happiness
Abdullah_Nasseef_0001.jpg,surprise
Ben_Glisan_0001.jpg,neutral
Charlton_Heston_0004.jpg,neutral
Ben_Affleck_0004.jpg,happiness
Stefan_Holm_0001.jpg,anger
Dwarakish_130.jpg,sadness
Dileep_97.jpg,sadness
Mark_Heller_0001.jpg,anger
Carlos_Moya_0013.jpg,neutral
Maribel_Dominguez_0001.jpg,anger
Adrien_Brody_0009.jpg,happiness
Nadia_Petrova_0003.jpg,anger
Dileep_80.jpg,sadness
Bill_Clinton_0015.jpg,happiness
David_Trimble_0005.jpg,surprise
Bixente_LIzarazu_0001.jpg,happiness
FaridaJalal_31.jpg,anger
Ahmed_Chalabi_0004.jpg,happiness
Bill_Clinton_0010.jpg,neutral
Ana_Palacio_0004.jpg,neutral
Dwarakish_114.jpg,sadness
Arminio_Fraga_0001.jpg,neutral
Alexandre_Daigle_0001.jpg,happiness
Chen_Shui-bian_0004.jpg,neutral
Alastair_Campbell_0003.jpg,neutral
Abner_Martinez_0001.jpg,happiness
Dileep_15.jpg,sadness
Adel_Al-Jubeir_0001.jpg,neutral
Cole_Chapman_0001.jpg,happiness
Bruno_Junquiera_0001.jpg,happiness
Jayamadhuri_107.jpg,anger
Bart_Freundlich_0001.jpg,neutral
Dale_Earnhardt_Jr_0001.jpg,happiness
Christian_Bale_0001.jpg,neutral
Iva_Majoli_0001.jpg,sadness
Armando_Carrillo_0001.jpg,sadness
Antony_Leung_0001.jpg,happiness
Anna_Kournikova_0006.jpg,neutral
Colin_Powell_0044.jpg,happiness
Bill_Simon_0011.jpg,happiness
Ariel_Sharon_0008.jpg,neutral
Christoph_Daum_0001.jpg,surprise
Jack_Smith_0001.jpg,surprise
Angela_Merkel_0004.jpg,happiness
Billy_Boyd_0001.jpg,happiness
Carl_Levin_0001.jpg,neutral
Alexandra_Vodjanikova_0001.jpg,neutral
Charles_Moose_0007.jpg,neutral
Kristen_Breitweiser_0002.jpg,surprise
Serena_Williams_0009.jpg,anger
HrithikRoshan_119.jpg,disgust
Ali_Naimi_0006.jpg,neutral
LK_Advani_0001.jpg,surprise
Billy_Crystal_0001.jpg,happiness
Brennon_Leighton_0001.jpg,neutral
Colin_Powell_0125.jpg,happiness
Amelie_Mauresmo_0008.jpg,neutral
Ashley_Olsen_0001.jpg,happiness
Claire_Danes_0003.jpg,happiness
Bob_Krueger_0001.jpg,neutral
Colin_Powell_0149.jpg,anger
Atal_Bihari_Vajpayee_0006.jpg,neutral
Allen_Iverson_0002.jpg,neutral
Chick_Hearn_0003.jpg,happiness
Daniela_Cicarelli_0001.jpg,happiness
Anatoliy_Kinakh_0001.jpg,neutral
Dwarakish_25.jpg,disgust
Alvaro_Uribe_0026.jpg,neutral
Alejandro_Toledo_0017.jpg,happiness
Dwarakish_58.jpg,disgust
Jayamadhuri_120.jpg,disgust
Jennifer_Capriati_0020.jpg,anger
Brad_Johnson_0005.jpg,neutral
Colin_Farrell_0007.jpg,happiness
Colin_Powell_0076.jpg,happiness
Ariel_Sharon_0044.jpg,neutral
Albrecht_Mentz_0001.jpg,neutral
Javier_Zanetti_0001.jpg,sadness
Alejandro_Toledo_0035.jpg,happiness
Camille_Colvin_0001.jpg,happiness
Hugo_Chavez_0057.jpg,surprise
Abdullah_Gul_0006.jpg,neutral
Adolfo_Rodriguez_Saa_0002.jpg,happiness
Abdoulaye_Wade_0003.jpg,neutral
Jayamadhuri_207.jpg,disgust
Catherine_Zeta-Jones_0005.jpg,happiness
Alvaro_Uribe_0009.jpg,neutral
Carolyn_Dawn_Johnson_0001.jpg,happiness
HrithikRoshan_123.jpg,disgust
Alain_Ducasse_0001.jpg,happiness
Bob_Melvin_0001.jpg,happiness
John_Kerry_0015.jpg,surprise
Jan_Ullrich_0004.jpg,anger
Ann_Veneman_0008.jpg,neutral
Bill_Carmody_0001.jpg,surprise
Latrell_Sprewell_0001.jpg,anger
Ariel_Sharon_0075.jpg,neutral
Gary_Williams_0001.jpg,surprise
Carmen_Electra_0004.jpg,happiness
Dwarakish_108.jpg,disgust
Ann_Veneman_0005.jpg,happiness
Antonio_Trillanes_0001.jpg,neutral
Brian_Weaver_0001.jpg,neutral
Ben_Cahoon_0001.jpg,neutral
Bob_Ferguson_0001.jpg,happiness
Sergio_Vieira_De_Mello_0001.jpg,sadness
Britney_Spears_0014.jpg,happiness
Billy_Crystal_0003.jpg,happiness
Brett_Hawke_0001.jpg,happiness
Carol_Carmody_0001.jpg,neutral
Serena_Williams_0023.jpg,anger
Laura_Bush_0037.jpg,surprise
Tim_Matheson_0001.jpg,anger
Cedric_Benson_0001.jpg,neutral
Aaron_Peirsol_0002.jpg,happiness
Bill_Gates_0015.jpg,neutral
Brandon_Lloyd_0001.jpg,neutral
Antonio_Trillanes_0003.jpg,neutral
Ascencion_Barajas_0001.jpg,neutral
FaridaJalal_30.jpg,disgust
Carmen_Electra_0005.jpg,happiness
Angela_Bassett_0003.jpg,happiness
Jim_Carrey_0002.jpg,surprise
Antonio_Palocci_0005.jpg,neutral
Alejandro_Toledo_0025.jpg,neutral
Arianna_Huffington_0002.jpg,neutral
Alek_Wek_0001.jpg,happiness
Arye_Mekel_0002.jpg,neutral
Antonio_Palocci_0004.jpg,neutral
Carlos_Menem_0018.jpg,neutral
Nan_Wang_0003.jpg,sadness
Tom_Ridge_0001.jpg,anger
Carroll_Weimer_0001.jpg,neutral
Jayamadhuri_28.jpg,disgust
Alan_Tang_Kwong-wing_0001.jpg,neutral
Bulent_Ecevit_0006.jpg,neutral
Bill_Frist_0003.jpg,happiness
Ann_Veneman_0011.jpg,neutral
Jayamadhuri_125.jpg,anger
HrithikRoshan_121.jpg,disgust
Ari_Fleischer_0008.jpg,neutral
John_Swofford_0002.jpg,sadness
Alejandro_Toledo_0014.jpg,neutral
Andre_Agassi_0022.jpg,happiness
Dick_Vermeil_0002.jpg,anger
Art_Cooper_0001.jpg,happiness
Abel_Pacheco_0001.jpg,neutral
Serena_Williams_0010.jpg,anger
Dan_LaCoutre_0001.jpg,disgust
Adoor_Gopalakarishnan_0001.jpg,neutral
Dwarakish_113.jpg,sadness
Bob_Herz_0001.jpg,happiness
Thomas_OBrien_0008.jpg,sadness
Carlos_Menem_0020.jpg,happiness
Astrid_Eyzaguirre_0001.jpg,happiness
Charlie_Sheen_0001.jpg,neutral
Lleyton_Hewitt_0040.jpg,sadness
Atal_Bihari_Vajpayee_0014.jpg,neutral
Agbani_Darego_0001.jpg,neutral
Chen_Shui-bian_0003.jpg,happiness
Gerald_Fitch_0001.jpg,surprise
Alvaro_Uribe_0034.jpg,neutral
Anna_Kournikova_0001.jpg,neutral
Anton_Balasingham_0001.jpg,neutral
FaridaJalal_105.jpg,disgust
Dileep_60.jpg,sadness
Abid_Hamid_Mahmud_Al-Tikriti_0001.jpg,happiness
Lynne_Cheney_0003.jpg,surprise
Brad_Smith_0001.jpg,neutral
Carlton_Dotson_0001.jpg,neutral
Candie_Kung_0002.jpg,happiness
Bulent_Ecevit_0003.jpg,neutral
Ann_Morgan_0001.jpg,happiness
Aiysha_Smith_0001.jpg,neutral
Akhmed_Zakayev_0001.jpg,neutral
Bud_Selig_0001.jpg,neutral
Alan_Stonecipher_0001.jpg,neutral
Jayamadhuri_14.jpg,sadness
Anders_Ebbeson_0001.jpg,happiness
Alejandro_Toledo_0015.jpg,happiness
Elijan_Ingram_0001.jpg,anger
Andrew_Bernard_0001.jpg,neutral
Daniel_Day-Lewis_0001.jpg,happiness
Cecilia_Bolocco_0003.jpg,happiness
Bill_Frist_0002.jpg,neutral
Tommy_Robredo_0002.jpg,anger
Bulent_Ecevit_0005.jpg,neutral
Jayamadhuri_171.jpg,sadness
Chen_Shui-bian_0005.jpg,happiness
FaridaJalal_57.jpg,disgust
Al_Sharpton_0006.jpg,neutral
Jayamadhuri_108.jpg,sadness
George_W_Bush_0354.jpg,anger
Chris_Hernandez_0001.jpg,surprise
George_W_Bush_0466.jpg,surprise
Abdullah_Gul_0016.jpg,neutral
Art_Hoffmann_0001.jpg,happiness
Charles_Bronson_0001.jpg,neutral
Hitomi_Soga_0001.jpg,sadness
Charles_Cope_0001.jpg,neutral
Anthony_Fauci_0002.jpg,happiness
Alejandro_Gonzalez_Inarritu_0001.jpg,happiness
Charlton_Heston_0005.jpg,neutral
Colin_Powell_0231.jpg,happiness
Alan_Ball_0002.jpg,happiness
Andres_Manuel_Lopez_Obrador_0001.jpg,neutral
Charles_Pickering_0001.jpg,neutral
Ariel_Sharon_0019.jpg,neutral
Bruce_Gebhardt_0001.jpg,neutral
John_Hartson_0001.jpg,anger
FaridaJalal_74.jpg,sadness
LK_Advani_0003.jpg,surprise
Audrey_Lacroix_0001.jpg,happiness
Barbara_Brezigar_0001.jpg,happiness
Cynthia_Nixon_0001.jpg,happiness
James_Brosnahan_0001.jpg,surprise
Ariel_Sharon_0048.jpg,neutral
Adam_Freier_0001.jpg,neutral
Carlos_Ruiz_0001.jpg,happiness
Abdullah_Gul_0019.jpg,neutral
John_Ashcroft_0028.jpg,surprise
Charles_Moose_0008.jpg,neutral
Ben_Curtis_0003.jpg,neutral
Bob_Hope_0006.jpg,happiness
Atal_Bihari_Vajpayee_0004.jpg,neutral
Bernard_Landry_0001.jpg,happiness
Alejandro_Toledo_0032.jpg,happiness
Michael_Pfleger_0001.jpg,anger
Patricia_Garone_0001.jpg,sadness
Andre_Lange_0001.jpg,neutral
Amy_Smart_0001.jpg,happiness
Chris_Cooper_0001.jpg,happiness
Dwarakish_74.jpg,sadness
Catherine_Zeta-Jones_0001.jpg,happiness
Carlos_Beltran_0001.jpg,neutral
Candice_Bergen_0002.jpg,happiness
Catherine_Ndereba_0001.jpg,neutral
Bill_Herrion_0001.jpg,neutral
Bobby_Kielty_0001.jpg,happiness
Chen_Liang_Yu_0002.jpg,happiness
Goran_Persson_0001.jpg,anger
Brandon_Inge_0001.jpg,happiness
Dwarakish_175.jpg,disgust
Bernadette_Peters_0001.jpg,happiness
Carol_Niedermayer_0001.jpg,happiness
Brian_Campbell_0001.jpg,happiness
Tom_Poston_0001.jpg,sadness
Colin_Powell_0030.jpg,anger
Antony_Leung_0002.jpg,happiness
Angela_Bassett_0004.jpg,happiness
Anjum_Hussain_0001.jpg,neutral
Carlos_Salinas_0001.jpg,neutral
AJ_Lamas_0001.jpg,happiness
HrithikRoshan_173.jpg,sadness
Jiri_Novak_0003.jpg,surprise
Assad_Ahmadi_0001.jpg,neutral
Alejandro_Toledo_0010.jpg,neutral
Jayamadhuri_23.jpg,disgust
Ariel_Sharon_0039.jpg,neutral
Andrew_Cuomo_0002.jpg,happiness
Chang_Dae-whan_0001.jpg,neutral
Carlos_Menem_0011.jpg,happiness
Dwarakish_16.jpg,disgust
Brian_Wells_0002.jpg,neutral
Candie_Kung_0003.jpg,happiness
Abdullah_Gul_0012.jpg,happiness
Dwarakish_111.jpg,disgust
Conan_OBrien_0002.jpg,happiness
Jennifer_Capriati_0001.jpg,anger
Bill_Gates_0017.jpg,neutral
Brad_Johnson_0003.jpg,neutral
Paradorn_Srichaphan_0005.jpg,anger
Charles_Chandler_IV_0001.jpg,happiness
Alexandra_Jackson_0001.jpg,neutral
Andy_Roddick_0002.jpg,happiness
Ariel_Sharon_0073.jpg,neutral
Adrien_Brody_0010.jpg,happiness
Aung_San_Suu_Kyi_0002.jpg,sadness
Ahmed_Chalabi_0003.jpg,neutral
Abdullah_Gul_0008.jpg,neutral
Fernando_Gonzalez_0004.jpg,surprise
Jayamadhuri_10.jpg,disgust
Carlos_Menem_0021.jpg,neutral
Ali_Naimi_0002.jpg,neutral
Cruz_Bustamante_0004.jpg,happiness
Dwarakish_43.jpg,disgust
Mike_Thibault_0001.jpg,anger
Dwarakish_128.jpg,disgust
Begum_Khaleda_Zia_0002.jpg,surprise
Arturo_Gatti_0001.jpg,neutral
Jennifer_Capriati_0011.jpg,anger
Benjamin_Netanyahu_0003.jpg,neutral
Jayamadhuri_18.jpg,disgust
Colin_Powell_0108.jpg,happiness
Colin_Powell_0162.jpg,happiness
Bob_Stoops_0005.jpg,neutral
Andre_Agassi_0003.jpg,happiness
Jennifer_Capriati_0036.jpg,anger
Jayamadhuri_8.jpg,disgust
Gordon_Campbell_0001.jpg,surprise
Angelina_Jolie_0020.jpg,neutral
Chloe_Sevigny_0001.jpg,neutral
Guillermo_Coria_0030.jpg,sadness
Hayley_Tullett_0002.jpg,surprise
Jayamadhuri_194.jpg,disgust
Bill_Mauldin_0001.jpg,happiness
Carlos_Queiroz_0001.jpg,happiness
Alex_Penelas_0001.jpg,neutral
Chip_Ganassi_0001.jpg,happiness
Serena_Williams_0006.jpg,anger
Ahmad_Jbarah_0001.jpg,neutral
George_W_Bush_0406.jpg,surprise
Brendan_Fraser_0001.jpg,happiness
Carlo_Ancelotti_0001.jpg,neutral
Binyamin_Ben-Eliezer_0006.jpg,neutral
Andre_Agassi_0025.jpg,happiness
Bryan_Chui_0001.jpg,happiness
Christian_Malcolm_0001.jpg,happiness
Alvaro_Uribe_0023.jpg,neutral
Lee_Hoi-chang_0003.jpg,surprise
Alan_Greenspan_0002.jpg,happiness
Choi_Sung-hong_0001.jpg,happiness
Armand_Sargen_0001.jpg,neutral
Aaron_Eckhart_0001.jpg,neutral
Andy_Roddick_0013.jpg,neutral
Bo_Ryan_0002.jpg,neutral
Cecile_de_France_0001.jpg,happiness
Bill_Simon_0007.jpg,neutral
Ariel_Sharon_0021.jpg,neutral
George_W_Bush_0432.jpg,sadness
Andre_Agassi_0035.jpg,happiness
Alejandro_Atchugarry_0002.jpg,neutral
Amanda_Beard_0002.jpg,happiness
Chhouk_Rin_0001.jpg,neutral
Carl_Pope_0001.jpg,neutral
Mark_Schweiker_0002.jpg,surprise
Anthony_LaPaglia_0002.jpg,happiness
Carlos_Paternina_0001.jpg,neutral
Fabian_Vargas_0001.jpg,surprise
Brian_Cook_0001.jpg,happiness
Ana_Palacio_0008.jpg,neutral
Benazir_Bhutto_0002.jpg,neutral
Carmen_Electra_0002.jpg,happiness
Carlos_Vives_0001.jpg,happiness
Leonard_Hamilton_0002.jpg,anger
Anne_McLellan_0003.jpg,neutral
Alice_Fisher_0002.jpg,neutral
Carrie-Anne_Moss_0003.jpg,happiness
Boris_Becker_0006.jpg,neutral
Pa_Kou_Hang_0001.jpg,sadness
Andrew_Niccol_0002.jpg,neutral
Chip_Knight_0001.jpg,happiness
Billy_Sollie_0002.jpg,neutral
Abdullah_Gul_0017.jpg,neutral
Carson_Palmer_0003.jpg,neutral
Michael_Chang_0002.jpg,surprise
George_W_Bush_0062.jpg,surprise
Jennifer_Capriati_0025.jpg,anger
George_W_Bush_0012.jpg,surprise
Carmen_Electra_0003.jpg,happiness
Aicha_El_Ouafi_0002.jpg,neutral
Dwarakish_11.jpg,sadness
Cecilia_Cheung_0001.jpg,happiness
Daniele_Nardello_0001.jpg,happiness
Aidan_Quinn_0001.jpg,neutral
Martha_Lucia_Ramirez_0002.jpg,surprise
Arnoldo_Aleman_0004.jpg,neutral
Anthony_Pico_0001.jpg,happiness
Catherine_Zeta-Jones_0003.jpg,happiness
Richard_Myers_0007.jpg,sadness
Bruce_Springsteen_0002.jpg,happiness
Dwarakish_65.jpg,disgust
Andrew_Cuomo_0001.jpg,neutral
Antonio_Banderas_0003.jpg,neutral
Christian_Lacroix_0001.jpg,happiness
Ariel_Sharon_0031.jpg,neutral
Alan_Mulally_0001.jpg,neutral
Placido_Domingo_0003.jpg,sadness
Andre_Agassi_0009.jpg,happiness
Alejandro_Lopez_0001.jpg,happiness
Dileep_24.jpg,sadness
Kim_Clijsters_0011.jpg,anger
Anne_McLellan_0001.jpg,happiness
George_W_Bush_0163.jpg,sadness
Chan_Gailey_0002.jpg,neutral
Abdullah_0003.jpg,neutral
HrithikRoshan_12.jpg,disgust
Colin_Powell_0174.jpg,happiness
Cate_Blanchett_0003.jpg,happiness
Bryant_Young_0001.jpg,neutral
Alex_Ferguson_0001.jpg,happiness
Martin_Brodeur_0001.jpg,surprise
Alex_Cejka_0001.jpg,happiness
Bill_Simon_0008.jpg,neutral
Cathy_Cunningham_0001.jpg,neutral
Bob_Holden_0001.jpg,neutral
Al_Gore_0001.jpg,neutral
Andrew_Firestone_0001.jpg,happiness
Charlton_Heston_0003.jpg,neutral
Aishwarya_Rai_0001.jpg,happiness
Bob_Hope_0004.jpg,happiness
Michael_Bloomberg_0016.jpg,surprise
Abdel_Madi_Shabneh_0001.jpg,neutral
Bill_Gates_0010.jpg,happiness
Phil_Bennett_0001.jpg,anger
Angelina_Jolie_0013.jpg,happiness
Mike_Krzyzewski_0002.jpg,anger
Catherine_Deneuve_0005.jpg,happiness
Dwarakish_181.jpg,disgust
Gustavo_Kuerten_0001.jpg,sadness
Dileep_101.jpg,sadness
Blythe_Hartley_0001.jpg,happiness
Anthony_Mazur_0001.jpg,neutral
Abdullah_Gul_0013.jpg,neutral
Annette_Lu_0003.jpg,neutral
Brad_Johnson_0002.jpg,neutral
Brian_Heidik_0002.jpg,happiness
Ali_Fallahian_0001.jpg,neutral
Daja_Bedanova_0001.jpg,happiness
Bill_Duffey_0001.jpg,neutral
Colin_Powell_0140.jpg,happiness
Adrien_Brody_0002.jpg,neutral
Ariel_Sharon_0071.jpg,neutral
Dwarakish_29.jpg,disgust
Ariel_Sharon_0016.jpg,neutral
Antonio_Cassano_0001.jpg,sadness
Luis_Sanchez_0001.jpg,sadness
George_Blaney_0001.jpg,anger
Brett_Boone_0001.jpg,neutral
Adel_Al-Jubeir_0002.jpg,neutral
Anna_Kournikova_0002.jpg,happiness
James_Carville_0001.jpg,anger
Ernie_Harwell_0001.jpg,anger
Carlos_Mesa_0001.jpg,neutral
Nila_Ferran_0001.jpg,sadness
Bertrand_Bonello_0001.jpg,happiness
Catherine_Zeta-Jones_0008.jpg,happiness
Chea_Sophara_0001.jpg,happiness
Colin_Powell_0164.jpg,happiness
Brian_Florence_0001.jpg,neutral
Dawn_Staley_0001.jpg,surprise
Jayamadhuri_36.jpg,disgust
Alvaro_Uribe_0015.jpg,neutral
Bud_Selig_0002.jpg,happiness
Helen_Darling_0001.jpg,surprise
Bobby_Robson_0001.jpg,neutral
Jacques_Chirac_0003.jpg,surprise
Bernard_Law_0005.jpg,happiness
Anders_Ebbeson_0002.jpg,happiness
Alicia_Hollowell_0001.jpg,anger
Peter_Holmberg_0001.jpg,sadness
Daniel_Rouse_0001.jpg,happiness
Dileep_96.jpg,sadness
Jayamadhuri_133.jpg,disgust
Ben_Braun_0001.jpg,anger
Celine_Dion_0001.jpg,happiness
George_W_Bush_0514.jpg,surprise
Brian_Griese_0001.jpg,happiness
Ali_Khamenei_0002.jpg,happiness
Wang_Hailan_0001.jpg,sadness
Al_Pacino_0003.jpg,happiness
Annette_Bening_0001.jpg,happiness
Monica_Seles_0005.jpg,anger
Jeff_Van_Gundy_0001.jpg,surprise
Antonio_Palocci_0006.jpg,neutral
Augustin_Calleri_0004.jpg,surprise
Carson_Palmer_0002.jpg,happiness
Pascal_Rheaume_0001.jpg,anger
Alan_Greer_0001.jpg,neutral
Bartosz_Kizierowski_0001.jpg,happiness
Gloria_Allred_0002.jpg,surprise
Bruce_Lunsford_0001.jpg,happiness
Avinash_2.jpg,disgust
Bill_Graham_0001.jpg,neutral
Mary_Carey_0004.jpg,disgust
Billy_Crystal_0006.jpg,neutral
Arnold_Schwarzenegger_0025.jpg,neutral
Jayamadhuri_205.jpg,disgust
Bob_Colvin_0001.jpg,happiness
Brad_Miller_0001.jpg,neutral
Alex_Gonzalez_0001.jpg,neutral
Christine_Baumgartner_0005.jpg,happiness
Catherine_Zeta-Jones_0010.jpg,happiness
Arnold_Schwarzenegger_0017.jpg,neutral
Dwarakish_7.jpg,disgust
Dileep_107.jpg,sadness
Alimzhan_Tokhtakhounov_0002.jpg,neutral
Clay_Aiken_0001.jpg,happiness
Jaouad_Gharib_0001.jpg,surprise
Bill_Clinton_0017.jpg,neutral
Brian_Mulroney_0001.jpg,neutral
Catherine_Zeta-Jones_0009.jpg,happiness
Billy_Crawford_0001.jpg,neutral
Bill_Stapleton_0001.jpg,neutral
Camilla_Parker_Bowles_0001.jpg,happiness
Bill_Clinton_0018.jpg,happiness
HrithikRoshan_180.jpg,sadness
Mike_Krzyzewski_0006.jpg,surprise
Adam_Herbert_0001.jpg,neutral
Lindsay_Davenport_0005.jpg,anger
Ann_Godbehere_0001.jpg,neutral
Jeremy_Greenstock_0014.jpg,surprise
Arnold_Schwarzenegger_0012.jpg,happiness
Begum_Khaleda_Zia_0001.jpg,neutral
Andrew_Shutley_0001.jpg,sadness
James_Schultz_0002.jpg,surprise
Jeremy_Greenstock_0022.jpg,anger
James_Blake_0013.jpg,anger
Britney_Spears_0011.jpg,sadness
Dwarakish_87.jpg,sadness
Anna_Jones_0001.jpg,sadness
Dwarakish_21.jpg,disgust
Chuck_Amato_0002.jpg,happiness
Bob_Stoops_0003.jpg,neutral
Jayamadhuri_150.jpg,disgust
Andy_Lau_0001.jpg,neutral
Jayamadhuri_32.jpg,disgust
Antonio_Bernardo_0001.jpg,neutral
Jennifer_Aniston_0003.jpg,sadness
Colin_Powell_0101.jpg,happiness
Brandon_Hammond_0001.jpg,neutral
Cruz_Bustamante_0001.jpg,happiness
George_W_Bush_0132.jpg,sadness
Colin_Powell_0183.jpg,happiness
Charlotte_Chambers_0001.jpg,sadness
Allan_Kemakeza_0001.jpg,happiness
Brendan_Hansen_0001.jpg,happiness
Ai_Sugiyama_0001.jpg,happiness
Bill_McBride_0007.jpg,happiness
Anna_Chicherova_0001.jpg,surprise
Al_Sharpton_0003.jpg,neutral
Jayamadhuri_13.jpg,sadness
Lenny_Wilkens_0001.jpg,surprise
Dileep_85.jpg,anger
Celine_Dion_0003.jpg,sadness
Alison_Krauss_0001.jpg,happiness
Atal_Bihari_Vajpayee_0002.jpg,happiness
Yoon_Jeong_Cho_0001.jpg,sadness
Dwarakish_33.jpg,disgust
Barzan_al-Tikriti_0001.jpg,neutral
James_Parker_0002.jpg,surprise
Benjamin_Netanyahu_0001.jpg,neutral
Jean_Chretien_0048.jpg,surprise
Billy_Donovan_0001.jpg,anger
Anneli_Jaatteenmaki_0002.jpg,happiness
Dileep_23.jpg,sadness
Colin_Powell_0170.jpg,happiness
Ariel_Sharon_0051.jpg,happiness
Charlize_Theron_0001.jpg,neutral
Carlos_Quintanilla_Schmidt_0002.jpg,neutral
Atiabet_Ijan_Amabel_0001.jpg,happiness
Dwarakish_150.jpg,disgust
Christopher_Reeve_0004.jpg,happiness
Lleyton_Hewitt_0015.jpg,anger
Bob_Dole_0001.jpg,happiness
Carolina_Barco_0001.jpg,neutral
Chadha_Gurinder_0001.jpg,happiness
Bryan_Thomas_0001.jpg,neutral
Chakib_Khelil_0001.jpg,happiness
Abel_Pacheco_0004.jpg,neutral
Avinash_21.jpg,sadness
Adel_Al-Jubeir_0003.jpg,neutral
Alfred_Ford_0001.jpg,neutral
Carrie-Anne_Moss_0001.jpg,neutral
Ana_Guevara_0002.jpg,happiness
Alejandro_Toledo_0037.jpg,neutral
Lou_Piniella_0003.jpg,surprise
Bill_Simon_0003.jpg,happiness
HrithikRoshan_117.jpg,disgust
Ali_Khamenei_0003.jpg,happiness
Ambrose_Lee_0001.jpg,neutral
Carlos_Moya_0016.jpg,neutral
Mahathir_Mohamad_0003.jpg,disgust
Akbar_Hashemi_Rafsanjani_0003.jpg,neutral
Anne_ONeil_0001.jpg,neutral
Arminio_Fraga_0004.jpg,happiness
Dileep_111.jpg,sadness
Ashton_Kutcher_0002.jpg,neutral
Alvaro_Uribe_0033.jpg,neutral
George_Pataki_0004.jpg,sadness
Monica_Bellucci_0001.jpg,surprise
Bridgette_Wilson-Sampras_0003.jpg,happiness
Anders_Fogh_Rasmussen_0001.jpg,surprise
Adolfo_Rodriguez_Saa_0001.jpg,happiness
Ariel_Sharon_0077.jpg,neutral
Jayamadhuri_11.jpg,disgust
HrithikRoshan_115.jpg,disgust
Christopher_Reeve_0002.jpg,happiness
Alan_Mulally_0002.jpg,happiness
Clint_Eastwood_0005.jpg,happiness
Albert_Costa_0004.jpg,neutral
Ahmed_Ahmed_0001.jpg,happiness
Eric_Ryan_Donnelly_0001.jpg,surprise
Lleyton_Hewitt_0025.jpg,surprise
Marquis_Estill_0001.jpg,surprise
Carla_Tricoli_0001.jpg,happiness
Christine_Baumgartner_0004.jpg,happiness
HrithikRoshan_118.jpg,disgust
Bill_Gates_0009.jpg,neutral
Arnold_Schwarzenegger_0004.jpg,happiness
Ann_Veneman_0004.jpg,happiness
Alan_Jackson_0001.jpg,happiness
Robert_Bullock_0002.jpg,anger
Claire_Danes_0002.jpg,happiness
Benjamin_McKenzie_0001.jpg,neutral
Abdel_Nasser_Assidi_0001.jpg,neutral
Jayamadhuri_41.jpg,disgust
Claire_Danes_0001.jpg,happiness
Charmaine_Crooks_0001.jpg,happiness
Dileep_109.jpg,sadness
Dileep_106.jpg,sadness
Christian_Patino_0001.jpg,happiness
Andy_Roddick_0001.jpg,neutral
Atal_Bihari_Vajpayee_0005.jpg,happiness
Jennifer_Capriati_0037.jpg,surprise
Chang_Dae-whan_0002.jpg,neutral
Arnold_Schwarzenegger_0022.jpg,happiness
Celia_Cruz_0001.jpg,happiness
Alec_Baldwin_0001.jpg,happiness
Cyndi_Thompson_0001.jpg,happiness
Basdeo_Panday_0001.jpg,neutral
Ariel_Sharon_0052.jpg,neutral
Bruce_Springsteen_0001.jpg,neutral
Alejandro_Toledo_0007.jpg,happiness
Chanda_Rubin_0004.jpg,happiness
Andre_Agassi_0024.jpg,happiness
Bill_Belichick_0001.jpg,neutral
Abdullatif_Sener_0001.jpg,neutral
Arnold_Schwarzenegger_0026.jpg,neutral
Stuart_Knoll_0001.jpg,sadness
Alejandro_Atchugarry_0001.jpg,neutral
Gustavo_Kuerten_0002.jpg,sadness
Chen_Shui-bian_0002.jpg,happiness
Alvaro_Uribe_0011.jpg,neutral
Angela_Merkel_0003.jpg,neutral
Barbara_Roberts_0001.jpg,neutral
Dileep_84.jpg,sadness
Mark_Dacey_0002.jpg,anger
Dai_Chul_Chyung_0001.jpg,happiness
Bak_Chang-Ryun_0001.jpg,neutral
Charles_Taylor_0009.jpg,happiness
Allison_Janney_0002.jpg,happiness
Ariel_Sharon_0011.jpg,happiness
Anthony_Lee_Johnson_0001.jpg,happiness
Dwarakish_185.jpg,disgust
Jiang_Zemin_0013.jpg,sadness
Lleyton_Hewitt_0011.jpg,surprise
Alastair_Johnston_0001.jpg,happiness
Abdoulaye_Wade_0002.jpg,happiness
Cesar_Gaviria_0001.jpg,neutral
Ariel_Sharon_0041.jpg,happiness
Amelie_Mauresmo_0002.jpg,surprise
Alonzo_Mourning_0001.jpg,neutral
Dwarakish_138.jpg,anger
Bruce_Springsteen_0004.jpg,happiness
Carlos_Barra_0001.jpg,neutral
Dwarakish_184.jpg,disgust
Barbra_Streisand_0002.jpg,happiness
Carlos_Menem_0009.jpg,neutral
Ariel_Sharon_0020.jpg,happiness
Alexander_Losyukov_0002.jpg,neutral
Jim_Calhoun_0001.jpg,surprise
Bill_Simon_0001.jpg,neutral
Andre_Agassi_0005.jpg,neutral
Ariel_Sharon_0038.jpg,neutral
Aleksander_Voloshin_0001.jpg,happiness
Bill_Doba_0001.jpg,neutral
Carlos_Ortega_0003.jpg,neutral
Ally_Sheedy_0001.jpg,happiness
Atal_Bihari_Vajpayee_0016.jpg,neutral
HrithikRoshan_110.jpg,disgust
Brooke_Shields_0002.jpg,happiness
Aleksander_Kwasniewski_0003.jpg,neutral
Dwarakish_57.jpg,disgust
Chip_Burrus_0001.jpg,neutral
Bonnie_Hunt_0001.jpg,happiness
Carolyn_Kuhl_0001.jpg,happiness
Gerhard_Schroeder_0085.jpg,anger
Alice_Fisher_0001.jpg,neutral
Abdullah_Ahmad_Badawi_0001.jpg,happiness
Adrien_Brody_0006.jpg,happiness
Carlos_Moya_0002.jpg,sadness
Britney_Spears_0010.jpg,happiness
Carlos_Menem_0005.jpg,happiness
Cynthia_Rowley_0001.jpg,happiness
JJ_Redick_0002.jpg,anger
Mike_Montgomery_0002.jpg,surprise
John_Paul_II_0008.jpg,anger
Bill_Graham_0004.jpg,neutral
Ari_Fleischer_0005.jpg,happiness
Ashley_Judd_0001.jpg,happiness
Alexander_Losyukov_0004.jpg,neutral
Bashar_Assad_0004.jpg,neutral
Antonio_Banderas_0005.jpg,neutral
Asmaa_Assad_0001.jpg,neutral
Camryn_Manheim_0001.jpg,happiness
David_Nalbandian_0006.jpg,disgust
Amporn_Falise_0001.jpg,neutral
Carmen_Electra_0006.jpg,happiness
Amer_al-Saadi_0002.jpg,neutral
Avinash_17.jpg,sadness
Brian_Scalabrine_0001.jpg,anger
Alexa_Loren_0001.jpg,neutral
Jorge_Valdano_0002.jpg,surprise
Dwarakish_30.jpg,disgust
Bryan_Cooley_0001.jpg,neutral
Bob_Huggins_0002.jpg,happiness
Kurt_Suzuki_0001.jpg,anger
Christiane_Wulff_0001.jpg,happiness
Alberto_Ruiz_Gallardon_0001.jpg,neutral
Ari_Fleischer_0002.jpg,neutral
Casey_Mears_0001.jpg,neutral
Bill_Frist_0005.jpg,neutral
Andre_Agassi_0032.jpg,happiness
Ariel_Sharon_0029.jpg,neutral
Bill_Clinton_0020.jpg,neutral
Charles_Moose_0010.jpg,happiness
Angelina_Jolie_0018.jpg,happiness
Jayamadhuri_115.jpg,sadness
Dwarakish_10.jpg,sadness
Alex_Popov_0001.jpg,neutral
Dwarakish_70.jpg,disgust
Jayamadhuri_152.jpg,disgust
Brad_Alexander_Smith_0001.jpg,happiness
Marcella_Anderson_0001.jpg,sadness
Rick_Carlisle_0002.jpg,anger
Arnold_Schwarzenegger_0021.jpg,neutral
Andy_Bryant_0001.jpg,neutral
James_Blake_0012.jpg,surprise
Charles_Grassley_0001.jpg,neutral
Dwarakish_129.jpg,disgust
George_W_Bush_0148.jpg,anger
Catherine_Deneuve_0004.jpg,neutral
Ariel_Sharon_0028.jpg,neutral
Bob_Newhart_0001.jpg,happiness
Abdullah_al-Attiyah_0003.jpg,neutral
Amanda_Marsh_0001.jpg,happiness
Ben_Howland_0003.jpg,neutral
Angela_Lansbury_0001.jpg,happiness
Martha_Martinez_Flores_0001.jpg,sadness
Eric_Taino_0001.jpg,anger
Cathy_Freeman_0002.jpg,neutral
Jayamadhuri_71.jpg,disgust
Adolfo_Aguilar_Zinser_0003.jpg,neutral
Bono_0003.jpg,neutral
Andy_Roddick_0003.jpg,happiness
Daisy_Fuentes_0002.jpg,happiness
Alison_Lohman_0001.jpg,happiness
Ahmad_Masood_0001.jpg,neutral
Joe_Strummer_0001.jpg,anger
Barry_Hinson_0001.jpg,neutral
Bill_Walton_0001.jpg,happiness
Christopher_Matero_0001.jpg,happiness
Jen_Bice_0001.jpg,anger
Jennifer_Capriati_0035.jpg,anger
Ashley_Postell_0001.jpg,happiness
Bill_Clinton_0022.jpg,neutral
HrithikRoshan_59.jpg,sadness
Christopher_Reeve_0001.jpg,happiness
Pat_Riley_0001.jpg,anger
Colin_Powell_0055.jpg,anger
Ariel_Sharon_0005.jpg,neutral
George_Robertson_0014.jpg,anger
David_Kelley_0001.jpg,surprise
Bernard_Lord_0001.jpg,neutral
Amelia_Vega_0002.jpg,happiness
Erin_Runnion_0002.jpg,sadness
Monica_Seles_0001.jpg,surprise
Megawati_Sukarnoputri_0006.jpg,surprise
Arnold_Schwarzenegger_0005.jpg,happiness
Yevgeny_Kafelnikov_0003.jpg,anger
Daniel_Day-Lewis_0002.jpg,happiness
Abel_Pacheco_0002.jpg,neutral
Bill_Simon_0014.jpg,surprise
Angel_Maza_0001.jpg,happiness
Andy_Hebb_0002.jpg,neutral
Chuck_Woolery_0001.jpg,happiness
Alan_Greenspan_0005.jpg,neutral
Clint_Howard_0001.jpg,happiness
John_Fox_0001.jpg,surprise
Amelia_Vega_0006.jpg,happiness
Ali_Bin_Hussein_0001.jpg,neutral
Angela_Merkel_0002.jpg,happiness
Lleyton_Hewitt_0009.jpg,surprise
Brittany_Snow_0001.jpg,happiness
Benjamin_Franklin_0001.jpg,neutral
Lindsay_Davenport_0001.jpg,anger
Brad_Garrett_0003.jpg,neutral
Penelope_Taylor_0001.jpg,sadness
Dwarakish_89.jpg,sadness
Alejandro_Toledo_0019.jpg,neutral
Chuck_Yeager_0001.jpg,happiness
Ben_Broussard_0001.jpg,neutral
Barbara_Becker_0001.jpg,neutral
Pete_Gillen_0001.jpg,anger
Bill_Clinton_0023.jpg,happiness
Arnold_Schwarzenegger_0011.jpg,happiness
Avinash_5.jpg,sadness
Anne_Cavers_0001.jpg,neutral
Arnold_Schwarzenegger_0009.jpg,happiness
Dwarakish_99.jpg,sadness
Charles_Holzner_0001.jpg,neutral
Ashanti_0004.jpg,happiness
Arnoldo_Aleman_0002.jpg,happiness
Lindsay_Davenport_0007.jpg,sadness
Sonja_Kesselschlager_0001.jpg,anger
Billy_Crystal_0004.jpg,anger
Arnaud_Lagardere_0001.jpg,sadness
Anna_Kournikova_0007.jpg,neutral
Corinne_Coman_0001.jpg,happiness
Anna_Faris_0001.jpg,happiness
Jack_Straw_0004.jpg,anger
Brian_Mulroney_0002.jpg,neutral
Amelie_Mauresmo_0004.jpg,neutral
Kim_Hong-up_0001.jpg,sadness
Brad_Garrett_0002.jpg,happiness
Clare_Short_0003.jpg,happiness
Constance_Marie_0002.jpg,happiness
Larry_Brown_0002.jpg,anger
Bernard_Ebbers_0001.jpg,neutral
Martha_Lucia_Ramirez_0004.jpg,surprise
Colin_Powell_0179.jpg,happiness
Lindsay_Davenport_0009.jpg,anger
Alexis_Dennisoff_0001.jpg,happiness
Ariel_Sharon_0035.jpg,neutral
Amelia_Vega_0005.jpg,happiness
Allison_Janney_0001.jpg,surprise
Colin_Powell_0225.jpg,happiness
Andrei_Mikhnevich_0001.jpg,happiness
Avinash_16.jpg,sadness
Dwarakish_153.jpg,disgust
Mahathir_Mohamad_0006.jpg,surprise
Arnold_Schwarzenegger_0039.jpg,happiness
Alastair_Campbell_0001.jpg,neutral
Paul_Bremer_0020.jpg,sadness
Bettina_Rheims_0001.jpg,neutral
Chanda_Rubin_0002.jpg,happiness
Bud_Selig_0003.jpg,neutral
Cassandra_Heise_0001.jpg,neutral
Alejandro_Toledo_0016.jpg,neutral
Charles_Taylor_0006.jpg,neutral
Colleen_Jones_0001.jpg,anger
Sue_Guevara_0001.jpg,sadness
Bill_Clinton_0027.jpg,neutral
Colin_Montgomerie_0003.jpg,happiness
Antonio_Banderas_0001.jpg,neutral
Albrecht_Mentz_0002.jpg,neutral
Alvaro_Uribe_0028.jpg,neutral
Alexandre_Vinokourov_0001.jpg,neutral
Anthony_Scott_Miller_0001.jpg,happiness
Britney_Spears_0002.jpg,happiness
Marat_Safin_0001.jpg,anger
Nathan_Doudney_0001.jpg,anger
Cameron_Diaz_0006.jpg,happiness
Ann_Veneman_0002.jpg,neutral
Charles_Mathews_0001.jpg,neutral
Al_Gore_0003.jpg,neutral
Charles_Moose_0004.jpg,anger
Anil_Ramsook_0001.jpg,neutral
Andre_Agassi_0033.jpg,neutral
Cameron_Diaz_0005.jpg,happiness
Bill_Clinton_0029.jpg,neutral
George_Gregan_0001.jpg,surprise
Abdullah_Gul_0018.jpg,neutral
Alfredo_Moreno_0001.jpg,happiness
Andre_Agassi_0029.jpg,happiness
Anibal_Ibarra_0001.jpg,happiness
Alexandra_Stevenson_0002.jpg,neutral
Jayamadhuri_195.jpg,sadness
Bertie_Ahern_0002.jpg,happiness
Alvaro_Uribe_0007.jpg,neutral
Adam_Sandler_0001.jpg,neutral
Bob_Stoops_0006.jpg,neutral
Audrey_Sauret_0001.jpg,neutral
Carly_Gullickson_0001.jpg,neutral
Lindsay_Davenport_0016.jpg,anger
Abdullah_0004.jpg,neutral
Avinash_18.jpg,sadness
Ariel_Sharon_0057.jpg,neutral
Andre_Bucher_0001.jpg,neutral
Andrzej_Tyszkiewicz_0001.jpg,neutral
Asif_Hanif_0001.jpg,neutral
Colin_Cowie_0001.jpg,happiness
Alvaro_Uribe_0021.jpg,neutral
Costas_Simitis_0006.jpg,happiness
Bob_Hartley_0001.jpg,happiness
Bill_Paxton_0002.jpg,happiness
Ari_Fleischer_0006.jpg,neutral
Ariel_Sharon_0007.jpg,neutral
Bill_Gates_0014.jpg,neutral
Magdalena_Maleeva_0001.jpg,sadness
Jennifer_Capriati_0030.jpg,anger
Antonio_Palocci_0008.jpg,happiness
HrithikRoshan_6.jpg,sadness
Costas_Simitis_0002.jpg,happiness
Arnold_Schwarzenegger_0001.jpg,neutral
Dwarakish_85.jpg,sadness
Al_Gore_0004.jpg,neutral
Herb_Sendek_0002.jpg,surprise
Dwarakish_72.jpg,anger
Betsy_Coffin_0001.jpg,sadness
Antony_Leung_0004.jpg,neutral
Dwarakish_190.jpg,disgust
Gregg_Popovich_0001.jpg,surprise
Candice_Beatty_0001.jpg,happiness
Ozzy_Osbourne_0001.jpg,sadness
Brandon_Knight_0001.jpg,neutral
Ariel_Sharon_0074.jpg,happiness
Dwarakish_5.jpg,disgust
Amelia_Vega_0001.jpg,happiness
Annette_Lu_0001.jpg,happiness
Bill_McBride_0006.jpg,happiness
Angela_Mascia-Frye_0001.jpg,happiness
Andreas_Vinciguerra_0001.jpg,surprise
Colin_Powell_0160.jpg,happiness
Jayamadhuri_192.jpg,disgust
Carlos_Menem_0016.jpg,happiness
Tom_Ridge_0005.jpg,anger
Dileep_7.jpg,sadness
Bill_Clinton_0013.jpg,neutral
Charles_Richardson_0001.jpg,neutral
Dwarakish_162.jpg,disgust
Mark_Bellhorn_0001.jpg,surprise
Britney_Spears_0008.jpg,neutral
Jayamadhuri_168.jpg,sadness
Andy_Roddick_0007.jpg,neutral
Candie_Kung_0004.jpg,happiness
Adam_Sandler_0003.jpg,neutral
Jayamadhuri_17.jpg,disgust
Dileep_76.jpg,anger
Dwarakish_17.jpg,disgust
Elaine_Stritch_0001.jpg,surprise
Arlen_Specter_0002.jpg,neutral
Bob_Graham_0004.jpg,neutral
Daniel_Zelman_0001.jpg,happiness
Ana_Palacio_0003.jpg,neutral
Carson_Daly_0001.jpg,neutral
Catherine_Zeta-Jones_0007.jpg,happiness
Anibal_Ibarra_0003.jpg,happiness
Ana_Guevara_0006.jpg,happiness
Colin_Powell_0224.jpg,sadness
Binyamin_Ben-Eliezer_0001.jpg,neutral
Christian_Fittipaldi_0001.jpg,happiness
Lisa_Stone_0001.jpg,surprise
Dwarakish_144.jpg,disgust
Adam_Mair_0001.jpg,surprise
Alfredo_di_Stefano_0001.jpg,neutral
Brad_Garrett_0004.jpg,surprise
Constance_Marie_0001.jpg,happiness
Ariel_Sharon_0030.jpg,happiness
Alan_Ball_0001.jpg,happiness
Bill_OReilly_0001.jpg,happiness
Abbas_Kiarostami_0001.jpg,neutral
Ai_Sugiyama_0002.jpg,happiness
Chante_Jawan_Mallard_0001.jpg,sadness
Chris_Moore_0001.jpg,happiness
Bill_Rainer_0001.jpg,neutral
Matt_Doherty_0002.jpg,surprise
Antonio_Catania_0001.jpg,neutral
Carlos_Vives_0002.jpg,happiness
Andre_Agassi_0031.jpg,happiness
Alan_Greenspan_0004.jpg,neutral
Adam_Sandler_0002.jpg,neutral
Arnold_Schwarzenegger_0023.jpg,anger
Abdullah_0002.jpg,neutral
Alexandra_Vodjanikova_0002.jpg,happiness
Colin_Farrell_0008.jpg,happiness
Bill_Clinton_0008.jpg,happiness
Eric_Idle_0001.jpg,anger
Aaron_Pena_0001.jpg,neutral
Bob_Hope_0007.jpg,neutral
Lleyton_Hewitt_0041.jpg,surprise
Michael_Chang_0008.jpg,sadness
Bobby_Goldwater_0001.jpg,neutral
Dwarakish_164.jpg,disgust
Augusto_Pinochet_0001.jpg,happiness
facial-expressions_2868584k.jpg,disgust
Butch_Davis_0001.jpg,neutral
Amelie_Mauresmo_0020.jpg,neutral
Alanna_Ubach_0001.jpg,happiness
Billy_Rork_0001.jpg,neutral
Angelo_Reyes_0004.jpg,neutral
Christina_Aguilera_0003.jpg,happiness
Ariel_Sharon_0032.jpg,happiness
Alvaro_Noboa_0002.jpg,anger
Bill_Clinton_0019.jpg,neutral
Danny_Green_0001.jpg,surprise
Amram_Mitzna_0001.jpg,neutral
FaridaJalal_13.jpg,disgust
Azra_Akin_0004.jpg,happiness
Jim_Talent_0001.jpg,surprise
Bob_Graham_0001.jpg,happiness
Dwarakish_13.jpg,sadness
Barbara_Walters_0001.jpg,happiness
Ahmet_Necdet_Sezer_0002.jpg,neutral
Dileep_87.jpg,anger
Bruce_Arena_0001.jpg,neutral
George_Lopez_0002.jpg,surprise
Abel_Aguilar_0001.jpg,neutral
Bing_Crosby_0001.jpg,happiness
Brian_Grazier_0001.jpg,happiness
Dwarakish_12.jpg,disgust
Andrew_Bunner_0001.jpg,neutral
Laura_Flessel_0001.jpg,sadness
Atal_Bihari_Vajpayee_0020.jpg,neutral
Dwarakish_8.jpg,sadness
Colin_Powell_0013.jpg,happiness
Ahmad_Masood_0002.jpg,neutral
Cheryl_Hines_0001.jpg,happiness
Adrien_Brody_0011.jpg,happiness
Aaron_Peirsol_0001.jpg,happiness
Carrie-Anne_Moss_0004.jpg,happiness
Dwarakish_6.jpg,disgust
Atal_Bihari_Vajpayee_0003.jpg,neutral
Bob_Huggins_0001.jpg,anger
Alistair_MacDonald_0001.jpg,happiness
Jennifer_Capriati_0038.jpg,anger
Fernando_Gonzalez_0005.jpg,surprise
Jennifer_Capriati_0010.jpg,anger
Alan_Greenspan_0003.jpg,surprise
Ian_Thorpe_0009.jpg,surprise
John_Tyson_0001.jpg,surprise
Ai_Sugiyama_0003.jpg,happiness
Dwarakish_42.jpg,disgust
Elena_Bovina_0003.jpg,sadness
Cathy_Chisholm_0001.jpg,happiness
Colin_Powell_0180.jpg,anger
Brian_Wells_0001.jpg,happiness
Colin_Powell_0038.jpg,happiness
Bill_Simon_0002.jpg,neutral
Luis_Horna_0002.jpg,surprise
Dwarakish_59.jpg,disgust
Erin_Runnion_0004.jpg,sadness
FaridaJalal_102.jpg,disgust
Bill_Gates_0013.jpg,neutral
Ashlea_Talbot_0001.jpg,happiness
Alvaro_Uribe_0020.jpg,happiness
Daniel_Radcliffe_0004.jpg,happiness
Herb_Dhaliwal_0001.jpg,surprise
Charles_Taylor_0007.jpg,neutral
Aicha_El_Ouafi_0001.jpg,neutral
Cesar_Gaviria_0006.jpg,happiness
Conan_OBrien_0001.jpg,happiness
Atal_Bihari_Vajpayee_0022.jpg,neutral
Brian_Van_Dusen_0001.jpg,happiness
Ana_Palacio_0002.jpg,neutral
Adrian_McPherson_0001.jpg,neutral
Barrett_Jackman_0002.jpg,happiness
Alvaro_Uribe_0008.jpg,neutral
Carlos_Savedra_0001.jpg,happiness
James_Blake_0014.jpg,surprise
Atal_Bihari_Vajpayee_0008.jpg,happiness
Arminio_Fraga_0002.jpg,neutral
Betty_Williams_0001.jpg,happiness
James_Blake_0010.jpg,surprise
Hugo_Chavez_0009.jpg,sadness
Avinash_14.jpg,sadness
Chris_Bell_0002.jpg,sadness
Brian_Gregory_0001.jpg,neutral
Ben_Betts_0001.jpg,neutral
Andre_Agassi_0030.jpg,happiness
Carlos_Manuel_Pruneda_0002.jpg,neutral
Ai_Sugiyama_0005.jpg,happiness
Georgia_Giddings_0001.jpg,sadness
Colin_Jackson_0001.jpg,happiness
Craig_Doblin_0001.jpg,happiness
Andre_Agassi_0006.jpg,neutral
Ana_Guevara_0001.jpg,happiness
Binyamin_Ben-Eliezer_0002.jpg,neutral
Princess_Maxima_0001.jpg,anger
Arturo_Gatti_0002.jpg,neutral
Colin_Powell_0129.jpg,happiness
George_Tenet_0002.jpg,surprise
Joan_Claybrook_0001.jpg,surprise
Alain_Cervantes_0001.jpg,sadness
Brenda_Magana_0001.jpg,happiness
Dwarakish_104.jpg,disgust
Coretta_Scott_King_0002.jpg,happiness
Dwarakish_61.jpg,disgust
Colleen_Donovan_0001.jpg,happiness
George_W_Bush_0343.jpg,surprise
Angel_Lockward_0001.jpg,happiness
George_W_Bush_0358.jpg,surprise
Dwarakish_131.jpg,sadness
Ariel_Sharon_0067.jpg,neutral
Jennifer_Capriati_0040.jpg,surprise
BJ_Habibie_0001.jpg,happiness
FaridaJalal_3.jpg,disgust
Julie_Gerberding_0015.jpg,surprise
Anthony_LaPaglia_0001.jpg,happiness
Bob_Stoops_0004.jpg,neutral
HrithikRoshan_212.jpg,sadness
Arnold_Schwarzenegger_0013.jpg,happiness
Dwarakish_94.jpg,disgust
Carl_Reiner_0001.jpg,happiness
George_W_Bush_0486.jpg,surprise
Beth_Jones_0001.jpg,neutral
Ariel_Sharon_0042.jpg,neutral
Andy_Graves_0001.jpg,neutral
Anne_Krueger_0001.jpg,neutral
Astou_Ndiaye-Diatta_0001.jpg,happiness
Dileep_105.jpg,sadness
Amram_Mitzna_0002.jpg,happiness
Azra_Akin_0002.jpg,happiness
Rachel_Wheatley_0001.jpg,anger
Benjamin_Neulander_0001.jpg,neutral
Biljana_Plavsic_0001.jpg,neutral
Alvaro_Uribe_0005.jpg,happiness
Alejandro_Toledo_0036.jpg,neutral
Amanda_Plumer_0001.jpg,happiness
Josh_Evans_0001.jpg,anger
Lucio_Angulo_0001.jpg,surprise
Dwarakish_86.jpg,sadness
Carlos_Menem_0019.jpg,neutral
Barry_Ford_0001.jpg,happiness
Alvaro_Uribe_0018.jpg,neutral
Bill_Clinton_0006.jpg,neutral
Ariel_Sharon_0015.jpg,neutral
Clay_Aiken_0004.jpg,happiness
Akbar_Al_Baker_0001.jpg,happiness
Ariel_Sharon_0040.jpg,neutral
Mitchell_Potter_0001.jpg,surprise
Boris_Becker_0004.jpg,happiness
Charlie_Coles_0001.jpg,happiness
Carlos_Menem_0012.jpg,happiness
Dwarakish_41.jpg,disgust
Dwarakish_178.jpg,disgust
Dwarakish_134.jpg,sadness
Bill_Kong_0001.jpg,happiness
Ana_Palacio_0005.jpg,neutral
Alex_Corretja_0001.jpg,neutral
Charles_Schumer_0001.jpg,neutral
Arnold_Schwarzenegger_0006.jpg,happiness
Mike_Weir_0003.jpg,surprise
Carlos_Moya_0004.jpg,happiness
Brad_Johnson_0004.jpg,neutral
Alejandro_Toledo_0026.jpg,happiness
Dwarakish_170.jpg,disgust
Alex_King_0001.jpg,neutral
Ariel_Sharon_0001.jpg,happiness
Al_Sharpton_0004.jpg,neutral
Andy_Perez_0001.jpg,neutral
Bashar_Assad_0001.jpg,happiness
Bill_Simon_0012.jpg,surprise
Adam_Ant_0001.jpg,neutral
Bill_Clinton_0011.jpg,neutral
Ciro_Gomes_0005.jpg,happiness
Allyson_Felix_0005.jpg,neutral
Alejandro_Toledo_0033.jpg,neutral
Dwarakish_198.jpg,disgust
Kim_Clijsters_0001.jpg,anger
Bill_Butler_0001.jpg,happiness
Carla_Gugino_0001.jpg,happiness
Joe_Lieberman_0009.jpg,sadness
Art_Howe_0001.jpg,happiness
HrithikRoshan_113.jpg,disgust
Aicha_El_Ouafi_0003.jpg,neutral
HrithikRoshan_122.jpg,disgust
Colin_Powell_0207.jpg,happiness
Dileep_13.jpg,sadness
Celine_Dion_0004.jpg,happiness
Alvaro_Uribe_0024.jpg,neutral
Carla_Del_Ponte_0004.jpg,neutral
Amanda_Beard_0001.jpg,happiness
Ben_Kingsley_0001.jpg,neutral
Claudine_Farrell_0001.jpg,happiness
Charles_Moose_0013.jpg,anger
Antonio_Palocci_0003.jpg,happiness
Carlos_Moya_0009.jpg,neutral
Alfred_Sant_0001.jpg,neutral
Janet_Napolitano_0003.jpg,surprise
Dale_Earnhardt_Jr_0004.jpg,happiness
facial-expressions_2868585k.jpg,surprise
Daniel_Radcliffe_0002.jpg,happiness
Colin_Powell_0016.jpg,happiness
Cherie_Blair_0004.jpg,happiness
Britney_Spears_0012.jpg,happiness
Cristina_Saralegui_0002.jpg,happiness
Adrian_Nastase_0002.jpg,neutral
Colin_Powell_0185.jpg,happiness
Tom_Brennan_0001.jpg,anger
Alexa_Vega_0001.jpg,neutral
Jan_Ullrich_0002.jpg,anger
Lenny_Wilkens_0002.jpg,surprise
Dwarakish_3.jpg,disgust
Bob_Curtis_0001.jpg,neutral
Catherine_Zeta-Jones_0004.jpg,happiness
Cyndi_Thompson_0002.jpg,happiness
Guennadi_Chipouline_0001.jpg,anger
Reggie_Miller_0001.jpg,anger
Alastair_Campbell_0005.jpg,neutral
Jayamadhuri_122.jpg,disgust
Dwarakish_199.jpg,sadness
Jayamadhuri_163.jpg,sadness
Blythe_Danner_0001.jpg,happiness
Chanda_Rubin_0005.jpg,neutral
Colin_Powell_0106.jpg,happiness
Bill_King_0001.jpg,neutral
Dwarakish_160.jpg,disgust
Alan_Dreher_0001.jpg,neutral
Mark_Philippoussis_0005.jpg,anger
Alberto_Acosta_0001.jpg,neutral
Arnold_Schwarzenegger_0034.jpg,neutral
Ahmed_Ibrahim_Bilal_0001.jpg,neutral
Carlos_Moya_0010.jpg,neutral
Danielle_Spencer_0001.jpg,happiness
Jim_Carrey_0003.jpg,surprise
Carl_Reiner_0002.jpg,happiness
Michael_Moore_0001.jpg,surprise
Carlos_Menem_0004.jpg,happiness
Adam_Sandler_0004.jpg,happiness
Abdullah_Gul_0005.jpg,happiness
Alejandro_Toledo_0009.jpg,happiness
Bonnie_Fuller_0001.jpg,happiness
Jennifer_Capriati_0029.jpg,anger
Jayamadhuri_174.jpg,sadness
Barry_Diller_0001.jpg,neutral
Chelsea_Clinton_0001.jpg,happiness
Vladimir_Putin_0043.jpg,sadness
Dwarakish_49.jpg,disgust
Tali_Imani_0001.jpg,anger
Abdullah_Gul_0002.jpg,happiness
Andrew_Sabey_0001.jpg,neutral
Andy_North_0001.jpg,neutral
Bill_Curry_0001.jpg,neutral
Alberto_Fujimori_0002.jpg,neutral
Calbert_Cheaney_0001.jpg,happiness
Ana_Guevara_0007.jpg,happiness
Chen_Tsai-chin_0001.jpg,neutral
Bill_McBride_0004.jpg,happiness
Avinash_26.jpg,sadness
Bill_Paxton_0001.jpg,happiness
Alexandra_Spann_0001.jpg,happiness
Carlos_Moya_0012.jpg,neutral
Ariel_Sharon_0024.jpg,neutral
Matt_Braker_0001.jpg,surprise
Angelo_Reyes_0001.jpg,neutral
Alexander_Losyukov_0001.jpg,neutral
Caroline_Kennedy_0002.jpg,happiness
Ana_Guevara_0003.jpg,happiness
Bill_Simon_0013.jpg,neutral
Arnold_Schwarzenegger_0027.jpg,happiness
Andy_Roddick_0012.jpg,neutral
Bill_Simon_0010.jpg,neutral
Arnold_Schwarzenegger_0031.jpg,happiness
Bernard_Law_0003.jpg,neutral
Constance_Marie_0003.jpg,happiness
Bono_0001.jpg,happiness
Cheryl_Tiegs_0001.jpg,neutral
Amber_Tamblyn_0002.jpg,happiness
Monica_Seles_0006.jpg,disgust
Ari_Bousbib_0001.jpg,happiness
Colin_Powell_0203.jpg,happiness
Jennifer_Capriati_0003.jpg,anger
Carla_Gay_Balingit_0001.jpg,happiness
Arie_Haan_0001.jpg,neutral
Alicia_Silverstone_0002.jpg,happiness
Andrea_Yates_0001.jpg,neutral
Alan_Dershowitz_0001.jpg,neutral
Anna_Kournikova_0010.jpg,neutral
Butch_Davis_0002.jpg,neutral
George_W_Bush_0191.jpg,sadness
Bode_Miller_0002.jpg,happiness
Angela_Bassett_0002.jpg,happiness
Alex_Sink_0003.jpg,neutral
Daniell_Sunjata_0001.jpg,happiness
Britney_Spears_0005.jpg,happiness
Alvaro_Uribe_0030.jpg,neutral
Elton_John_0002.jpg,surprise
Bruce_Weber_0002.jpg,happiness
Antje_Buschschulte_0001.jpg,happiness
George_W_Bush_0070.jpg,surprise
Alvaro_Silva_Calderon_0001.jpg,surprise
Dwarakish_64.jpg,disgust
Avinash_12.jpg,sadness
Brandon_Spann_0001.jpg,neutral
Bob_Stoops_0007.jpg,neutral
Kim_Clijsters_0009.jpg,anger
Dwarakish_133.jpg,sadness
Ahmed_Qureia_0001.jpg,happiness
Brian_Billick_0001.jpg,happiness
Amelie_Mauresmo_0014.jpg,surprise
Colin_Powell_0062.jpg,happiness
Jennifer_Pena_0001.jpg,sadness
Darko_Milicic_0001.jpg,surprise
Angelina_Jolie_0011.jpg,happiness
Dwarakish_53.jpg,disgust
Anthony_Hazen_0001.jpg,neutral
Ashanti_0002.jpg,happiness
Gerhard_Schroeder_0008.jpg,sadness
FaridaJalal_109.jpg,disgust
George_W_Bush_0121.jpg,surprise
Daisy_Fuentes_0003.jpg,happiness
Tim_Lobinger_0001.jpg,sadness
Bill_Gates_0007.jpg,neutral
Dwarakish_182.jpg,sadness
Colin_Powell_0181.jpg,anger
Ariel_Sharon_0003.jpg,neutral
Carlos_Manuel_Pruneda_0001.jpg,happiness
Alejandro_Toledo_0005.jpg,neutral
Abdullah_Gul_0010.jpg,neutral
Benazir_Bhutto_0001.jpg,neutral
Brian_Cowen_0001.jpg,neutral
Ben_Lee_0001.jpg,neutral
Anthony_Rackauckas_0001.jpg,neutral
Al_Sharpton_0001.jpg,neutral
Charles_Lebois_0001.jpg,happiness
Brendan_Hansen_0002.jpg,happiness
Recep_Tayyip_Erdogan_0018.jpg,anger
Dwarakish_51.jpg,disgust
Bijan_Darvish_0001.jpg,neutral
George_W_Bush_0492.jpg,anger
Mike_Miller_0002.jpg,surprise
Barry_Alvarez_0001.jpg,surprise
George_Robertson_0012.jpg,surprise
Carlos_Moya_0017.jpg,neutral
Carson_Palmer_0001.jpg,happiness
Marat_Safin_0003.jpg,anger
Blythe_Danner_0002.jpg,happiness
Alejandro_Toledo_0031.jpg,happiness
Charlton_Heston_0001.jpg,neutral
Christine_Ebersole_0002.jpg,happiness
Dwarakish_32.jpg,disgust
Natalia_Motuziuk_0001.jpg,sadness
Angelina_Jolie_0007.jpg,neutral
Brent_Coles_0001.jpg,neutral
Courtney_Love_0001.jpg,happiness
Bill_Simon_0009.jpg,happiness
Dileep_51.jpg,sadness
Alejandro_Toledo_0028.jpg,neutral
Andy_Hebb_0001.jpg,neutral
Chris_Neil_0001.jpg,surprise
Alejandro_Toledo_0024.jpg,happiness
Andy_Roddick_0006.jpg,neutral
Anwar_Ibrahim_0001.jpg,neutral
Chok_Tong_Goh_0001.jpg,neutral
Claudio_Abbado_0001.jpg,happiness
Slobodan_Milosevic_0004.jpg,sadness
Ali_Hammoud_0001.jpg,happiness
Glenn_Rivers_0001.jpg,anger
Bijan_Darvish_0002.jpg,neutral
Dwarakish_71.jpg,disgust
Cindy_Taylor_0001.jpg,happiness
Al_Gore_0007.jpg,happiness
Baburam_Bhattari_0001.jpg,happiness
Adolfo_Aguilar_Zinser_0001.jpg,neutral
Antonio_Trillanes_0002.jpg,neutral
Nicolas_Cage_0004.jpg,sadness
Alvaro_Uribe_0006.jpg,neutral
Kim_Clijsters_0008.jpg,anger
Anastasia_Kelesidou_0001.jpg,neutral
Charles_Kartman_0001.jpg,happiness
Carolina_Moraes_0002.jpg,happiness
Andre_Agassi_0019.jpg,happiness
Bill_Clinton_0001.jpg,neutral
Carin_Koch_0001.jpg,happiness
Alex_Penelas_0002.jpg,neutral
Bob_Huggins_0004.jpg,anger
Michelle_Kwan_0002.jpg,surprise
Curtis_Joseph_0001.jpg,happiness
Afton_Smith_0001.jpg,happiness
FaridaJalal_106.jpg,disgust
Charles_Bronson_0002.jpg,neutral
Ariel_Sharon_0063.jpg,neutral
Justin_Gatlin_0001.jpg,sadness
Aleksander_Kwasniewski_0001.jpg,happiness
Catherine_Zeta-Jones_0002.jpg,happiness
FaridaJalal_88.jpg,sadness
Carlos_Moya_0001.jpg,neutral
Barbra_Streisand_0003.jpg,neutral
Caroline_Kennedy_0001.jpg,neutral
Andre_Agassi_0020.jpg,happiness
Andrew_Wetzler_0001.jpg,neutral
Jayamadhuri_172.jpg,sadness
Chris_Columbus_0001.jpg,happiness
Andrew_Fastow_0001.jpg,neutral
Bill_Frist_0009.jpg,neutral
Brenda_van_Dam_0001.jpg,neutral
Colin_Powell_0006.jpg,happiness
Lindsay_Davenport_0010.jpg,sadness
Billy_Graham_0001.jpg,happiness
Alvaro_Silva_Calderon_0002.jpg,happiness
Rose_Marie_0001.jpg,anger
Jiri_Novak_0005.jpg,surprise
Avinash_7.jpg,sadness
Bill_Clinton_0026.jpg,happiness
Jean_Chretien_0046.jpg,anger
Art_Howe_0004.jpg,happiness
Avinash_3.jpg,sadness
Barry_Williams_0001.jpg,happiness
John_Elway_0001.jpg,surprise
Colin_Powell_0004.jpg,happiness
Jeb_Bush_0008.jpg,surprise
Biljana_Plavsic_0003.jpg,neutral
Colin_Powell_0215.jpg,happiness
Al_Gore_0008.jpg,neutral
Kim_Clijsters_0010.jpg,anger
Cristina_Fernandez_0002.jpg,happiness
Ariel_Sharon_0054.jpg,neutral
Bertie_Ahern_0001.jpg,neutral
Demi_Moore_0004.jpg,surprise
Cha_Yung-gu_0001.jpg,neutral
Annie-Jeanne_Reynaud_0001.jpg,happiness
Bo_Ryan_0001.jpg,surprise
Alicia_Witt_0001.jpg,happiness
Alejandro_Toledo_0018.jpg,happiness
Antonio_Elias_Saca_0001.jpg,happiness
Ariel_Sharon_0025.jpg,neutral
George_W_Bush_0266.jpg,anger
Avril_Lavigne_0001.jpg,happiness
Jayamadhuri_191.jpg,disgust
Ana_Palacio_0006.jpg,neutral
Chick_Hearn_0002.jpg,happiness
Danny_Avalon_0001.jpg,happiness
Barbara_Walters_0004.jpg,happiness
Colin_Powell_0214.jpg,happiness
Bob_Crippen_0001.jpg,neutral
Evan_Marriott_0001.jpg,surprise
Lindsay_Davenport_0019.jpg,anger
Cecilia_Bolocco_0002.jpg,happiness
Dwarakish_180.jpg,disgust
Alejandro_Toledo_0001.jpg,neutral
Craig_Fitzgibbon_0001.jpg,happiness
Charles_Moose_0005.jpg,neutral
Geno_Auriemma_0001.jpg,anger
HrithikRoshan_30.jpg,sadness
Brett_Perry_0001.jpg,neutral
Alex_Cabrera_0001.jpg,neutral
Jayamadhuri_40.jpg,disgust
Bill_Gates_0016.jpg,neutral
Jennifer_Garner_0002.jpg,surprise
Akmal_Taher_0001.jpg,happiness
Cherie_Blair_0001.jpg,happiness
Bilal_Erdogan_0001.jpg,happiness
Chris_Penn_0001.jpg,happiness
Charles_Taylor_0001.jpg,neutral
Abdullah_0001.jpg,neutral
Ariel_Sharon_0053.jpg,happiness
Arnold_Schwarzenegger_0002.jpg,happiness
Antanas_Valionis_0001.jpg,happiness
Benjamin_Bratt_0001.jpg,happiness
Bernard_Law_0004.jpg,neutral
Carol_Moseley_Braun_0002.jpg,neutral
Dwarakish_77.jpg,sadness
Tracy_McGrady_0002.jpg,anger
Claudia_Pechstein_0002.jpg,happiness
Adam_Kennedy_0001.jpg,neutral
Daniele_Hypolito_0001.jpg,happiness
Branko_Crvenkovski_0002.jpg,happiness
Ahmed_Chalabi_0002.jpg,neutral
Ahmed_Ghazi_0001.jpg,neutral
Ariel_Sharon_0065.jpg,neutral
Abdel_Nasser_Assidi_0002.jpg,neutral
Chita_Rivera_0001.jpg,happiness
Abdullah_Gul_0011.jpg,neutral
Bill_Cartwright_0001.jpg,neutral
Alastair_Campbell_0004.jpg,neutral
Angie_Martinez_0001.jpg,happiness
Hubie_Brown_0001.jpg,surprise
Lawrence_Roberts_0001.jpg,anger
Aaron_Sorkin_0002.jpg,happiness
Aitor_Gonzalez_0002.jpg,happiness
Christopher_Walken_0004.jpg,happiness
Tommy_Franks_0006.jpg,anger
Hugo_Chavez_0034.jpg,anger
Asa_Hutchinson_0001.jpg,neutral
Arnold_Schwarzenegger_0007.jpg,happiness
Angelina_Jolie_0001.jpg,happiness
Alejandro_Fernandez_0001.jpg,happiness
Adisai_Bodharamik_0001.jpg,neutral
Bill_Simon_0015.jpg,happiness
Ariel_Sharon_0013.jpg,neutral
Adrien_Brody_0001.jpg,happiness
Gerhard_Schroeder_0064.jpg,anger
Valerie_Thwaites_0001.jpg,anger
Benedita_da_Silva_0001.jpg,happiness
Celso_Amorim_0002.jpg,happiness
Carlos_Moya_0007.jpg,neutral
Charles_Tannok_0001.jpg,neutral
Dwarakish_80.jpg,sadness
Jeremy_Greenstock_0015.jpg,surprise
Akbar_Hashemi_Rafsanjani_0002.jpg,neutral
Bertie_Ahern_0003.jpg,happiness
Bob_Hope_0002.jpg,happiness
Catriona_Le_May_Doan_0001.jpg,happiness
Robert_Blake_0004.jpg,sadness
Amelie_Mauresmo_0003.jpg,neutral
Ana_Isabel_Sanchez_0001.jpg,neutral
Chita_Rivera_0002.jpg,happiness
Choi_Sung-hong_0003.jpg,happiness
Amelie_Mauresmo_0009.jpg,surprise
Anthony_Garotinho_0001.jpg,happiness
Roy_Williams_0002.jpg,anger
Andrew_Jarecki_0001.jpg,neutral
Jens_Lehmann_0001.jpg,surprise
Kevin_Stallings_0002.jpg,surprise
Charles_Taylor_0003.jpg,neutral
Calista_Flockhart_0003.jpg,happiness
Brad_Brownell_0001.jpg,happiness
Claudia_Schiffer_0001.jpg,happiness
Julio_Rossi_0001.jpg,anger
KatrinaKaif_1.jpg,disgust
Roh_Moo-hyun_0008.jpg,sadness
Augusto_Roa_Bastos_0002.jpg,neutral
HrithikRoshan_124.jpg,disgust
Adolfo_Aguilar_Zinser_0002.jpg,neutral
Chance_Mock_0001.jpg,happiness
Ashraf_Ghani_0001.jpg,neutral
Giuseppe_Gibilisco_0002.jpg,anger
Bernard_Law_0002.jpg,neutral
Jayamadhuri_170.jpg,sadness
Bill_McBride_0009.jpg,neutral
Byron_Scott_0001.jpg,neutral
David_Modell_0001.jpg,sadness
Colin_Powell_0208.jpg,happiness
Bill_Sizemore_0001.jpg,neutral
Bill_Simon_0006.jpg,neutral
HrithikRoshan_35.jpg,sadness
Carson_Daly_0002.jpg,happiness
Cheryl_Little_0001.jpg,neutral
Billy_Tibbets_0001.jpg,happiness
Anne_Krueger_0003.jpg,happiness
Bill_McBride_0008.jpg,happiness
Andy_Rooney_0001.jpg,happiness
Cameron_Diaz_0002.jpg,neutral
Alvaro_Uribe_0029.jpg,neutral
Bernard_Landry_0003.jpg,neutral
Roger_Mahony_0001.jpg,sadness
Beecher_Ray_Kirby_0001.jpg,happiness
Askar_Akayev_0001.jpg,neutral
Cari_Davis_0001.jpg,neutral
Christine_Todd_Whitman_0004.jpg,happiness
Carlos_Quintanilla_Schmidt_0001.jpg,neutral
Dalai_Lama_0001.jpg,happiness
Bill_Self_0001.jpg,surprise
Halle_Berry_0002.jpg,anger
Cristina_Fernandez_0001.jpg,happiness
Ahmed_Lopez_0001.jpg,neutral
Andy_Roddick_0009.jpg,happiness
Boris_Becker_0005.jpg,neutral
Bill_Sizemore_0002.jpg,neutral
HrithikRoshan_11.jpg,disgust
Abdullah_Gul_0007.jpg,neutral
Adam_Scott_0002.jpg,neutral
Svetlana_Belousova_0001.jpg,sadness
Avinash_20.jpg,sadness
Bulent_Ecevit_0004.jpg,neutral
Barry_Bonds_0001.jpg,neutral
Anzori_Kikalishvili_0001.jpg,neutral
Ariel_Sharon_0055.jpg,happiness
Cherie_Blair_0003.jpg,neutral
Alina_Kabaeva_0001.jpg,happiness
Bob_Goldman_0001.jpg,happiness
Jean_Chretien_0010.jpg,anger
Anneli_Jaatteenmaki_0001.jpg,neutral
Boris_Yeltsin_0001.jpg,happiness
Arlen_Specter_0001.jpg,neutral
Dwarakish_123.jpg,disgust
Ana_Palacio_0007.jpg,neutral
Christian_Olsson_0001.jpg,happiness
Art_Howe_0002.jpg,happiness
Clint_Eastwood_0001.jpg,happiness
Barry_Collier_0001.jpg,neutral
Amelie_Mauresmo_0019.jpg,neutral
Charla_Moye_0001.jpg,happiness
Angela_Alvarado_Rosa_0001.jpg,neutral
Abdoulaye_Wade_0001.jpg,neutral
Jennifer_Capriati_0028.jpg,anger
Boris_Berezovsky_0002.jpg,neutral
Camille_Lewis_0001.jpg,happiness
Boris_Yeltsin_0002.jpg,happiness
Gala_Leon_Garcia_0001.jpg,anger
Charlie_Deane_0001.jpg,neutral
Carlos_Moya_0006.jpg,neutral
Albert_Costa_0002.jpg,neutral
Brian_Henson_0001.jpg,happiness
Betsy_Smith_0002.jpg,happiness
Bud_Selig_0004.jpg,anger
Arminio_Fraga_0005.jpg,neutral
Allyson_Felix_0002.jpg,neutral
Lisa_Murkowski_0001.jpg,surprise
Bob_Hayes_0001.jpg,happiness
Carla_Del_Ponte_0003.jpg,neutral
Carol_Burnett_0002.jpg,happiness
Tatiana_Panova_0001.jpg,sadness
Anna_Nicole_Smith_0002.jpg,happiness
Bob_Sulkin_0001.jpg,neutral
Jelena_Dokic_0001.jpg,anger
Jayamadhuri_182.jpg,sadness
Jayamadhuri_66.jpg,disgust
Arthur_Martinez_0001.jpg,neutral
Dwarakish_1.jpg,disgust
Dileep_56.jpg,sadness
Chanda_Rubin_0001.jpg,neutral
Anita_DeFrantz_0001.jpg,happiness
Carlo_Azeglio_Ciampi_0001.jpg,neutral
Ciro_Gomes_0002.jpg,happiness
Dariusz_Michalczewski_0001.jpg,anger
Daniel_Chin_0001.jpg,happiness
Amelia_Vega_0003.jpg,happiness
Claudia_Schiffer_0002.jpg,happiness
Gloria_Macapagal_Arroyo_0008.jpg,surprise
Carlos_Ortega_0001.jpg,anger
Adriana_Perez_Navarro_0001.jpg,happiness
John_Ashcroft_0030.jpg,anger
Juan_Ignacio_Chela_0002.jpg,surprise
Barbra_Streisand_0001.jpg,neutral
Buck_Rodgers_0001.jpg,neutral
Ali_Naimi_0003.jpg,neutral
Albert_Costa_0001.jpg,neutral
Dwarakish_40.jpg,disgust
Dwarakish_67.jpg,disgust
Billy_Edelin_0001.jpg,neutral
Amber_Frey_0001.jpg,sadness
Donna_Shalala_0002.jpg,surprise
Claudette_Robinson_0001.jpg,happiness
Anne_Krueger_0002.jpg,neutral
Jennifer_Capriati_0002.jpg,anger
Bill_Pryor_0001.jpg,happiness
Jayamadhuri_42.jpg,disgust
Dwarakish_66.jpg,disgust
Cindy_Margolis_0001.jpg,happiness
Brian_Olson_0001.jpg,neutral
Dwarakish_106.jpg,anger
Bobby_Bowden_0001.jpg,happiness
Bill_Parcells_0001.jpg,neutral
Anthony_Corso_0001.jpg,happiness
Carolyn_Dawn_Johnson_0002.jpg,happiness
Atal_Bihari_Vajpayee_0009.jpg,happiness
Clara_Harris_0001.jpg,sadness
Charles_Bronson_0003.jpg,neutral
Bill_Paxton_0003.jpg,happiness
Angelina_Jolie_0002.jpg,happiness
Jose_Woldenberg_0001.jpg,surprise
Cate_Blanchett_0001.jpg,happiness
Billy_Bob_Thornton_0001.jpg,happiness
Andy_Dick_0001.jpg,neutral
Catherine_Zeta-Jones_0011.jpg,neutral
Tim_Henman_0001.jpg,anger
George_Robertson_0010.jpg,surprise
Blas_Ople_0001.jpg,happiness
Ahmed_Chalabi_0001.jpg,neutral
Brian_Kerr_0001.jpg,happiness
Cristian_Barros_0001.jpg,happiness
Brian_Pavlich_0001.jpg,neutral
Antony_Leung_0003.jpg,happiness
Alvaro_Uribe_0002.jpg,neutral
HrithikRoshan_34.jpg,sadness
Hitomi_Soga_0003.jpg,sadness
Gregg_Popovich_0005.jpg,surprise
Angelina_Jolie_0010.jpg,neutral
Ari_Fleischer_0007.jpg,neutral
Benazir_Bhutto_0003.jpg,neutral
Colin_Powell_0007.jpg,anger
Anthony_Fauci_0001.jpg,neutral
Bob_Stoops_0002.jpg,neutral
Aparna_Pillai_0001.jpg,happiness
Dwarakish_141.jpg,disgust
Ann_Veneman_0003.jpg,happiness
George_W_Bush_0520.jpg,surprise
Christine_Baumgartner_0003.jpg,happiness
HrithikRoshan_57.jpg,sadness
Brooke_Adams_0001.jpg,happiness
Abraham_Foxman_0001.jpg,neutral
FaridaJalal_104.jpg,disgust
Alvaro_Uribe_0019.jpg,neutral
Colin_Powell_0043.jpg,anger
Andre_Agassi_0007.jpg,happiness
Albaro_Recoba_0001.jpg,neutral
Alfonso_Portillo_0001.jpg,neutral
George_W_Bush_0507.jpg,surprise
Bill_Elliott_0001.jpg,neutral
Charles_Rogers_0001.jpg,neutral
Adrien_Brody_0007.jpg,happiness
Ben_Affleck_0006.jpg,neutral
Andrea_De_Cruz_0001.jpg,happiness
Amelie_Mauresmo_0016.jpg,neutral
Dagmar_Dunlevy_0001.jpg,happiness
Bob_Huggins_0003.jpg,happiness
Bill_McBride_0002.jpg,happiness
Alvaro_Uribe_0022.jpg,happiness
Dwarakish_105.jpg,disgust
Arianna_Huffington_0001.jpg,happiness
Daniel_Ortega_0001.jpg,happiness
Ainsworth_Dyer_0001.jpg,neutral
Anthony_Ervin_0001.jpg,happiness
Tommy_Haas_0006.jpg,anger
Dwarakish_93.jpg,disgust
Bill_Clinton_0003.jpg,neutral
Colin_Powell_0053.jpg,happiness
Andre_Agassi_0001.jpg,neutral
Carly_Fiorina_0001.jpg,neutral
Christine_Baumgartner_0001.jpg,happiness
Amelia_Vega_0007.jpg,happiness
Gregg_Popovich_0004.jpg,surprise
Martin_Keown_0001.jpg,surprise
Lindsay_Davenport_0002.jpg,anger
Nelson_Mandela_0002.jpg,sadness
Daniela_Hantuchova_0001.jpg,sadness
Carlos_De_Abreu_0001.jpg,happiness
Tom_Daschle_0015.jpg,anger
Dwarakish_203.jpg,disgust
Dileep_93.jpg,sadness
Chok_Tong_Goh_0002.jpg,happiness
Andres_Pastrana_0001.jpg,neutral
Carlos_Menem_0001.jpg,neutral
Carly_Fiorina_0003.jpg,neutral
Akhmed_Zakayev_0002.jpg,neutral
Avinash_11.jpg,sadness
Colin_Powell_0187.jpg,happiness
Jayamadhuri_187.jpg,disgust
Catherine_Zeta-Jones_0006.jpg,happiness
Jayamadhuri_164.jpg,sadness
Cindy_Moll_0001.jpg,happiness
Angelina_Jolie_0014.jpg,neutral
Daniel_Bruehl_0001.jpg,happiness
Carlos_Menem_0017.jpg,happiness
Avinash_10.jpg,sadness
Anders_Fogh_Rasmussen_0002.jpg,happiness
Brian_Williams_0001.jpg,happiness
Dwarakish_78.jpg,sadness
Dwarakish_83.jpg,sadness
Baz_Luhrmann_0001.jpg,happiness
